hour,load,wind_available,solar_available,thermal,wind_used,solar_used,wind_curt,solar_curt,charge,discharge,unserved,energy_start_MWh,energy_MWh,soc,balance_error_MW
0,87.400000000000006,3.0499999999999998,70.129999999999995,30,3.0499999999999998,54.350000000000009,0,15.779999999999987,0,0,0,0,0,,0
1,82.650000000000006,3.1899999999999999,97.790000000000006,30,3.1899999999999999,49.460000000000008,0,48.329999999999984,0,0,0,0,0,,0
2,78.849999999999994,1.8999999999999999,117.66,30,1.8999999999999999,46.949999999999989,0,70.710000000000022,0,0,0,0,0,,0
3,76.950000000000003,1.02,130.84999999999999,30,1.02,45.930000000000007,0,84.919999999999987,0,0,0,0,0,,1.4210854715202004e-14
4,77.900000000000006,0.69999999999999996,131.88,30,0.70000000000000007,47.200000000000003,0,84.679999999999993,0,0,0,0,0,,0
5,84.549999999999997,0.46999999999999997,128.40000000000001,30,0.47000000000000003,54.079999999999998,0,74.320000000000007,0,0,0,0,0,,0
6,97.849999999999994,0.050000000000000003,111.68000000000001,30,0.050000000000000003,67.799999999999997,0,43.88000000000001,0,0,0,0,0,,0
7,115.90000000000001,0,91.159999999999997,41.569999999999993,0,74.330000000000013,0,16.829999999999984,0,0,0,0,0,,0
8,132.05000000000001,0,65.579999999999998,71.569999999999993,0,60.480000000000018,0,5.0999999999999801,0,0,0,0,0,,0
9,137.75,0,36.18,101.56999999999999,0,36.18,0,0,0,0,0,0,0,,0
10,133.94999999999999,0,10.109999999999999,120,0,10.109999999999999,0,0,0,0,3.8399999999999892,0,0,,0
11,127.3,0,0,120,0,0,0,0,0,0,7.3000000000000114,0,0,,1.4210854715202004e-14
12,121.59999999999999,0,0,120,0,0,0,0,0,0,1.5999999999999943,0,0,,0
13,118.75,0.57999999999999996,0,118.17,0.57999999999999996,0,0,0,0,0,0,0,0,,0
14,120.65000000000001,1.6399999999999999,0,119.00999999999999,1.6400000000000001,0,0,0,0,0,0,0,0,,-1.4210854715202004e-14
15,126.34999999999999,2.6099999999999999,0,120,2.6099999999999999,0,0,0,0,0,3.7400000000000091,0,0,,1.4210854715202004e-14
16,135.84999999999999,2.8599999999999999,0,120,2.8599999999999999,0,0,0,0,0,12.989999999999981,0,0,,-2.8421709430404007e-14
17,146.30000000000001,1.3899999999999999,0,120,1.3900000000000001,0,0,0,0,0,24.910000000000025,0,0,,0
18,152,0,0,120,0,0,0,0,0,0,32,0,0,,0
19,153.90000000000001,0,0,120,0,0,0,0,0,0,33.900000000000006,0,0,,0
20,143.44999999999999,0,0,120,0,0,0,0,0,0,23.449999999999989,0,0,,0
21,125.40000000000001,0,0,120,0,0,0,0,0,0,5.4000000000000057,0,0,,0
22,106.40000000000001,0,9.7699999999999996,96.63000000000001,0,9.7699999999999996,0,0,0,0,0,0,0,,0
23,94.049999999999997,0,27.98,66.63000000000001,0,27.419999999999984,0,0.56000000000001648,0,0,0,0,0,,0
