total_load_MWh,renewable_available_MWh,renewable_used_MWh,curtailment_MWh,thermal_generation_MWh,unserved_MWh,charge_MWh,discharge_MWh,renewable_utilization_pct,curtailment_rate_pct,operating_cost_CNY,scenario,energy_capacity_MWh,power_capacity_MW,num_steps,time_step_hours,load_shedding_MWh,storage_discharge_MWh,initial_inventory_supply_MWh,total_cost_CNY,thermal_cost_CNY,storage_cost_CNY,curtailment_cost_CNY,load_shedding_cost_CNY,simulation_hours,storage_capex_CNY,capital_recovery_factor,year_fraction,storage_annualized_investment_CNY_per_year,storage_annual_fixed_om_CNY_per_year,storage_investment_allocated_CNY,storage_fixed_om_CNY,storage_variable_om_CNY,storage_om_cost_CNY,operating_cost_excluding_investment_CNY,initial_inventory_thermal_value_CNY,storage_utilization_pct,solver_status,max_residual
2924,1091.6099999999999,954.29999999999995,137.31,1923.0699999999999,46.629999999999995,0,0,87.421331794322157,12.578668205677854,1166836.5,E0_P0_N48_seed42_cluster0,0,0,24,1,46.629999999999995,0,0,1166836.5,673074.5,0,27462,466299.99999999994,24,0,0.09634228760924439,0.0027397260273972603,0,0,0,0,0,0,1166836.5,0,,Optimal,1.4210854715202004e-14
2924,714.05000000000007,607.66999999999996,106.38000000000005,2117.0500000000002,199.28000000000003,0,0,85.101883621595107,14.898116378404881,2755043.5000000005,E0_P0_N48_seed42_cluster1,0,0,24,1,199.28000000000003,0,0,2755043.5000000005,740967.50000000012,0,21276.000000000011,1992800.0000000002,24,0,0.09634228760924439,0.0027397260273972603,0,0,0,0,0,0,2755043.5000000005,0,,Optimal,2.8421709430404007e-14
2924,302.55000000000001,302.55000000000001,0,2430.8899999999999,190.56,0,0,100,0,2756411.5,E0_P0_N48_seed42_cluster2,0,0,24,1,190.56,0,0,2756411.5,850811.5,0,0,1905600,24,0,0.09634228760924439,0.0027397260273972603,0,0,0,0,0,0,2756411.5,0,,Optimal,1.4210854715202004e-14
2777.8000000000002,907.20000000000005,568.29999999999995,338.89999999999998,2084.3099999999999,125.18999999999998,0,0,62.643298059964714,37.356701940035272,2049188.4999999998,E0_P0_N48_seed42_cluster3,0,0,24,1,125.18999999999998,0,0,2049188.4999999998,729508.5,0,67780,1251899.9999999998,24,0,0.09634228760924439,0.0027397260273972603,0,0,0,0,0,0,2049188.4999999998,0,,Optimal,2.8421709430404007e-14
2777.8000000000002,1520.77,1456.1400000000001,64.629999999999995,1321.6600000000001,0,0,0,95.75017918554417,4.2498208144558349,475507,E0_P0_N48_seed42_cluster4,0,0,24,1,0,0,0,475507,462581,0,12926,0,24,0,0.09634228760924439,0.0027397260273972603,0,0,0,0,0,0,475507,0,,Optimal,1.4210854715202004e-14
2924,1099.77,1041.1599999999999,58.610000000000021,1827.1600000000001,55.679999999999993,0,0,94.67070387444646,5.3292961255535269,1208028,E0_P0_N48_seed42_cluster5,0,0,24,1,55.679999999999993,0,0,1208028,639506,0,11722.000000000004,556799.99999999988,24,0,0.09634228760924439,0.0027397260273972603,0,0,0,0,0,0,1208028,0,,Optimal,1.4210854715202004e-14
3070.1999999999998,708.62,524.17000000000007,184.44999999999999,2238.4200000000001,307.60999999999996,0,0,73.970534277892256,26.029465722107759,3896436.9999999995,E0_P0_N48_seed42_cluster6,0,0,24,1,307.60999999999996,0,0,3896436.9999999995,783447,0,36890,3076099.9999999995,24,0,0.09634228760924439,0.0027397260273972603,0,0,0,0,0,0,3896436.9999999995,0,,Optimal,2.8421709430404007e-14
2924,1584.6600000000001,934.13999999999999,650.51999999999998,1898.3400000000001,91.52000000000001,0,0,58.948922797319298,41.051077202680702,1709723,E0_P0_N48_seed42_cluster7,0,0,24,1,91.52000000000001,0,0,1709723,664419,0,130104,915200.00000000012,24,0,0.09634228760924439,0.0027397260273972603,0,0,0,0,0,0,1709723,0,,Optimal,1.4210854715202004e-14
3070.1999999999998,1102.74,693.08000000000004,409.65999999999997,2107.1399999999999,269.97999999999996,0,0,62.850717304169613,37.149282695830387,3519230.9999999995,E0_P0_N48_seed42_cluster8,0,0,24,1,269.97999999999996,0,0,3519230.9999999995,737499,0,81932,2699799.9999999995,24,0,0.09634228760924439,0.0027397260273972603,0,0,0,0,0,0,3519230.9999999995,0,,Optimal,2.8421709430404007e-14
2924,566.21000000000004,412.01999999999998,154.19,2258.8800000000001,253.09999999999999,0,0,72.768054255488238,27.231945744511751,3352446,E0_P0_N48_seed42_cluster9,0,0,24,1,253.09999999999999,0,0,3352446,790608,0,30838,2531000,24,0,0.09634228760924439,0.0027397260273972603,0,0,0,0,0,0,3352446,0,,Optimal,1.4210854715202004e-14
2924,2431.23,2043.5800000000002,387.64999999999998,880.41999999999996,0,0,0,84.05539582844898,15.944604171551026,385677,E0_P0_N48_seed42_cluster10,0,0,24,1,0,0,0,385677,308147,0,77530,0,24,0,0.09634228760924439,0.0027397260273972603,0,0,0,0,0,0,385677,0,,Optimal,1.4210854715202004e-14
2777.8000000000002,1273.8399999999999,882.63000000000011,391.20999999999992,1882.1499999999999,13.020000000000024,0,0,69.288921685612024,30.71107831438799,867194.50000000023,E0_P0_N48_seed42_cluster11,0,0,24,1,13.020000000000024,0,0,867194.50000000023,658752.5,0,78241.999999999985,130200.00000000025,24,0,0.09634228760924439,0.0027397260273972603,0,0,0,0,0,0,867194.50000000023,0,,Optimal,2.8421709430404007e-14
2777.8000000000002,949.47000000000003,564.26999999999998,385.19999999999999,2055.5299999999997,158,0,0,59.429997788239753,40.570002211760247,2376475.5,E0_P0_N48_seed42_cluster12,0,0,24,1,158,0,0,2376475.5,719435.49999999988,0,77040,1580000,24,0,0.09634228760924439,0.0027397260273972603,0,0,0,0,0,0,2376475.5,0,,Optimal,2.8421709430404007e-14
2777.8000000000002,453.80000000000001,387.46999999999997,66.330000000000041,2232.7800000000002,157.54999999999998,0,0,85.383428823270165,14.616571176729845,2370239,E0_P0_N48_seed42_cluster13,0,0,24,1,157.54999999999998,0,0,2370239,781473.00000000012,0,13266.000000000007,1575499.9999999998,24,0,0.09634228760924439,0.0027397260273972603,0,0,0,0,0,0,2370239,0,,Optimal,1.4210854715202004e-14
2924,2021.1900000000001,1011.9399999999999,1009.25,1829.5800000000002,82.479999999999976,0,0,50.066544956189176,49.933455043810824,1667002.9999999998,E0_P0_N48_seed42_cluster14,0,0,24,1,82.479999999999976,0,0,1667002.9999999998,640353,0,201850,824799.99999999977,24,0,0.09634228760924439,0.0027397260273972603,0,0,0,0,0,0,1667002.9999999998,0,,Optimal,1.4210854715202004e-14
2924,2118.9299999999998,1550.29,568.63999999999999,1373.71,0,0,0,73.163813811687987,26.836186188312027,594526.5,E0_P0_N48_seed42_cluster15,0,0,24,1,0,0,0,594526.5,480798.5,0,113728,0,24,0,0.09634228760924439,0.0027397260273972603,0,0,0,0,0,0,594526.5,0,,Optimal,2.8421709430404007e-14
2924,1051.1100000000001,1040.21,10.899999999999991,1852.54,31.25,0,0,98.963001017971465,1.0369989820285213,963069,E0_P0_N48_seed42_cluster16,0,0,24,1,31.25,0,0,963069,648389,0,2179.9999999999982,312500,24,0,0.09634228760924439,0.0027397260273972603,0,0,0,0,0,0,963069,0,,Optimal,1.4210854715202004e-14
2777.8000000000002,729.25999999999999,564.10000000000002,165.16000000000003,2082.0999999999999,131.60000000000002,0,0,77.352384609055761,22.647615390944249,2077767.0000000002,E0_P0_N48_seed42_cluster17,0,0,24,1,131.60000000000002,0,0,2077767.0000000002,728735,0,33032.000000000007,1316000.0000000002,24,0,0.09634228760924439,0.0027397260273972603,0,0,0,0,0,0,2077767.0000000002,0,,Optimal,1.4210854715202004e-14
2777.8000000000002,1485.55,920.80999999999995,564.74000000000001,1818.54,38.450000000000031,0,0,61.984450203628285,38.015549796371715,1133937.0000000002,E0_P0_N48_seed42_cluster18,0,0,24,1,38.450000000000031,0,0,1133937.0000000002,636489,0,112948,384500.00000000029,24,0,0.09634228760924439,0.0027397260273972603,0,0,0,0,0,0,1133937.0000000002,0,,Optimal,1.4210854715202004e-14
3070.1999999999998,447.81999999999994,406.94999999999999,40.86999999999999,2304.9400000000001,358.31,0,0,90.873565271760995,9.1264347282390244,4398003,E0_P0_N48_seed42_cluster19,0,0,24,1,358.31,0,0,4398003,806729,0,8173.9999999999982,3583100,24,0,0.09634228760924439,0.0027397260273972603,0,0,0,0,0,0,4398003,0,,Optimal,5.6843418860808015e-14
2777.8000000000002,1624.05,1258.1600000000001,365.88999999999999,1496.0699999999999,23.569999999999993,0,0,77.47052122779472,22.529478772205291,832502.5,E0_P0_N48_seed42_cluster20,0,0,24,1,23.569999999999993,0,0,832502.5,523624.5,0,73178,235699.99999999994,24,0,0.09634228760924439,0.0027397260273972603,0,0,0,0,0,0,832502.5,0,,Optimal,1.4210854715202004e-14
3070.1999999999998,1151.9099999999999,1104.8800000000001,47.029999999999994,1939.22,26.099999999999952,0,0,95.917215754703079,4.0827842452969412,949132.99999999953,E0_P0_N48_seed42_cluster21,0,0,24,1,26.099999999999952,0,0,949132.99999999953,678727,0,9405.9999999999982,260999.99999999951,24,0,0.09634228760924439,0.0027397260273972603,0,0,0,0,0,0,949132.99999999953,0,,Optimal,2.8421709430404007e-14
2924,1164.28,715.68000000000006,448.60000000000002,2090.9899999999998,117.33000000000001,0,0,61.469749544783042,38.530250455216958,1994866.5,E0_P0_N48_seed42_cluster22,0,0,24,1,117.33000000000001,0,0,1994866.5,731846.49999999988,0,89720,1173300.0000000002,24,0,0.09634228760924439,0.0027397260273972603,0,0,0,0,0,0,1994866.5,0,,Optimal,1.4210854715202004e-14
3070.1999999999998,1640.3499999999999,1288.1399999999999,352.21000000000004,1761.05,21.010000000000019,0,0,78.528362849391897,21.471637150608103,896909.50000000023,E0_P0_N48_seed42_cluster23,0,0,24,1,21.010000000000019,0,0,896909.50000000023,616367.5,0,70442,210100.0000000002,24,0,0.09634228760924439,0.0027397260273972603,0,0,0,0,0,0,896909.50000000023,0,,Optimal,2.8421709430404007e-14
3070.1999999999998,1278.49,1272.79,5.6999999999999815,1796.77,0.64000000000000057,0,0,99.554161549953463,0.44583845004653783,636409.5,E0_P0_N48_seed42_cluster24,0,0,24,1,0.64000000000000057,0,0,636409.5,628869.5,0,1139.9999999999964,6400.0000000000055,24,0,0.09634228760924439,0.0027397260273972603,0,0,0,0,0,0,636409.5,0,,Optimal,2.8421709430404007e-14
2777.8000000000002,1076.73,857.99000000000001,218.73999999999998,1877.3699999999999,42.439999999999998,0,0,79.684786343837359,20.315213656162637,1125227.5,E0_P0_N48_seed42_cluster25,0,0,24,1,42.439999999999998,0,0,1125227.5,657079.5,0,43747.999999999993,424400,24,0,0.09634228760924439,0.0027397260273972603,0,0,0,0,0,0,1125227.5,0,,Optimal,1.4210854715202004e-14
3070.1999999999998,1813.2600000000002,1449.8099999999999,363.45000000000005,1620.3900000000001,0,0,0,79.955990867277706,20.04400913272228,639826.5,E0_P0_N48_seed42_cluster26,0,0,24,1,0,0,0,639826.5,567136.5,0,72690.000000000015,0,24,0,0.09634228760924439,0.0027397260273972603,0,0,0,0,0,0,639826.5,0,,Optimal,5.6843418860808015e-14
2777.8000000000002,436.56,429.58999999999997,6.970000000000006,2250.7400000000002,97.470000000000027,0,0,98.403426791277255,1.5965732087227427,1763853.0000000005,E0_P0_N48_seed42_cluster27,0,0,24,1,97.470000000000027,0,0,1763853.0000000005,787759.00000000012,0,1394.0000000000011,974700.00000000023,24,0,0.09634228760924439,0.0027397260273972603,0,0,0,0,0,0,1763853.0000000005,0,,Optimal,1.4210854715202004e-14
2924,620.85000000000002,574.28999999999996,46.560000000000009,2167.2000000000003,182.50999999999999,0,0,92.500604010630582,7.4993959893694138,2592932,E0_P0_N48_seed42_cluster28,0,0,24,1,182.50999999999999,0,0,2592932,758520.00000000012,0,9312.0000000000018,1825100,24,0,0.09634228760924439,0.0027397260273972603,0,0,0,0,0,0,2592932,0,,Optimal,2.8421709430404007e-14
3070.1999999999998,1734.3000000000002,1417.8699999999999,316.43000000000001,1620.75,31.580000000000013,0,0,81.754598397047786,18.245401602952199,946348.50000000012,E0_P0_N48_seed42_cluster29,0,0,24,1,31.580000000000013,0,0,946348.50000000012,567262.5,0,63286,315800.00000000012,24,0,0.09634228760924439,0.0027397260273972603,0,0,0,0,0,0,946348.50000000012,0,,Optimal,2.8421709430404007e-14
2924,983.53999999999996,687.38,296.15999999999997,2086.2200000000003,150.39999999999998,0,0,69.888362445858846,30.111637554141161,2293409,E0_P0_N48_seed42_cluster30,0,0,24,1,150.39999999999998,0,0,2293409,730177.00000000012,0,59231.999999999993,1503999.9999999998,24,0,0.09634228760924439,0.0027397260273972603,0,0,0,0,0,0,2293409,0,,Optimal,1.4210854715202004e-14
3070.1999999999998,862.58999999999992,697.54999999999995,165.03999999999996,2159.5499999999997,213.09999999999997,0,0,80.866924031115602,19.133075968884405,2919850.4999999995,E0_P0_N48_seed42_cluster31,0,0,24,1,213.09999999999997,0,0,2919850.4999999995,755842.49999999988,0,33007.999999999993,2130999.9999999995,24,0,0.09634228760924439,0.0027397260273972603,0,0,0,0,0,0,2919850.4999999995,0,,Optimal,5.6843418860808015e-14
2924,683.28999999999996,675,8.2899999999999956,2138.1599999999999,110.84,0,0,98.786752330635608,1.2132476693643981,1858414,E0_P0_N48_seed42_cluster32,0,0,24,1,110.84,0,0,1858414,748356,0,1657.9999999999991,1108400,24,0,0.09634228760924439,0.0027397260273972603,0,0,0,0,0,0,1858414,0,,Optimal,1.4210854715202004e-14
2924,259.13,259.13,0,2379.8000000000002,285.06999999999999,0,0,100,0,3683630,E0_P0_N48_seed42_cluster33,0,0,24,1,285.06999999999999,0,0,3683630,832930.00000000012,0,0,2850700,24,0,0.09634228760924439,0.0027397260273972603,0,0,0,0,0,0,3683630,0,,Optimal,1.4210854715202004e-14
2924,681.82999999999993,629.61000000000001,52.219999999999999,2187.9699999999998,106.41999999999999,0,0,92.341199419210071,7.6588005807899338,1840433.4999999995,E0_P0_N48_seed42_cluster34,0,0,24,1,106.41999999999999,0,0,1840433.4999999995,765789.49999999988,0,10444,1064199.9999999998,24,0,0.09634228760924439,0.0027397260273972603,0,0,0,0,0,0,1840433.4999999995,0,,Optimal,1.4210854715202004e-14
2777.8000000000002,1187.1900000000001,728.00999999999999,459.18000000000006,1956.3499999999999,93.440000000000012,0,0,61.322113562277309,38.677886437722691,1710958.5,E0_P0_N48_seed42_cluster35,0,0,24,1,93.440000000000012,0,0,1710958.5,684722.5,0,91836.000000000015,934400.00000000012,24,0,0.09634228760924439,0.0027397260273972603,0,0,0,0,0,0,1710958.5,0,,Optimal,1.4210854715202004e-14
2777.8000000000002,2292.0299999999997,1426.02,866.00999999999999,1351.78,0,0,0,62.216463135299286,37.783536864700729,646325,E0_P0_N48_seed42_cluster36,0,0,24,1,0,0,0,646325,473123,0,173202,0,24,0,0.09634228760924439,0.0027397260273972603,0,0,0,0,0,0,646325,0,,Optimal,2.8421709430404007e-14
2924,1943.5999999999999,897.81999999999994,1045.78,1877.27,148.90999999999997,0,0,46.193661247170205,53.806338752829802,2355300.5,E0_P0_N48_seed42_cluster37,0,0,24,1,148.90999999999997,0,0,2355300.5,657044.5,0,209156,1489099.9999999998,24,0,0.09634228760924439,0.0027397260273972603,0,0,0,0,0,0,2355300.5,0,,Optimal,1.4210854715202004e-14
2777.8000000000002,716.64999999999998,466.88,249.77000000000004,2167.3099999999999,143.60999999999999,0,0,65.147561571199333,34.852438428800674,2244612.5,E0_P0_N48_seed42_cluster38,0,0,24,1,143.60999999999999,0,0,2244612.5,758558.5,0,49954.000000000007,1436099.9999999998,24,0,0.09634228760924439,0.0027397260273972603,0,0,0,0,0,0,2244612.5,0,,Optimal,1.4210854715202004e-14
3070.1999999999998,282.48000000000002,282.48000000000002,0,2479.8499999999999,307.86999999999995,0,0,100,0,3946647.4999999995,E0_P0_N48_seed42_cluster39,0,0,24,1,307.86999999999995,0,0,3946647.4999999995,867947.5,0,0,3078699.9999999995,24,0,0.09634228760924439,0.0027397260273972603,0,0,0,0,0,0,3946647.4999999995,0,,Optimal,2.8421709430404007e-14
2924,414.12,414.12,0,2383.54,126.33999999999997,0,0,100,0,2097639,E0_P0_N48_seed42_cluster40,0,0,24,1,126.33999999999997,0,0,2097639,834239,0,0,1263399.9999999998,24,0,0.09634228760924439,0.0027397260273972603,0,0,0,0,0,0,2097639,0,,Optimal,1.4210854715202004e-14
3070.1999999999998,1088.26,754.13,334.13,2087.4499999999998,228.62,0,0,69.296859206439635,30.703140793560362,3083633.5,E0_P0_N48_seed42_cluster41,0,0,24,1,228.62,0,0,3083633.5,730607.49999999988,0,66826,2286200,24,0,0.09634228760924439,0.0027397260273972603,0,0,0,0,0,0,3083633.5,0,,Optimal,2.8421709430404007e-14
3070.1999999999998,1415.4899999999998,1233.4300000000001,182.06,1823.03,13.739999999999952,0,0,87.138022875470696,12.861977124529316,811872.49999999953,E0_P0_N48_seed42_cluster42,0,0,24,1,13.739999999999952,0,0,811872.49999999953,638060.5,0,36412,137399.99999999953,24,0,0.09634228760924439,0.0027397260273972603,0,0,0,0,0,0,811872.49999999953,0,,Optimal,2.8421709430404007e-14
3070.1999999999998,1498.7,1491.9099999999999,6.7899999999999991,1571.8,6.4900000000000091,0,0,99.546940681924326,0.45305931807566546,616388.00000000012,E0_P0_N48_seed42_cluster43,0,0,24,1,6.4900000000000091,0,0,616388.00000000012,550130,0,1357.9999999999998,64900.000000000087,24,0,0.09634228760924439,0.0027397260273972603,0,0,0,0,0,0,616388.00000000012,0,,Optimal,2.8421709430404007e-14
2924,1038.28,716.1400000000001,322.13999999999999,2070.0500000000002,137.81,0,0,68.973687251993695,31.026312748006319,2167045.5,E0_P0_N48_seed42_cluster44,0,0,24,1,137.81,0,0,2167045.5,724517.50000000012,0,64428,1378100,24,0,0.09634228760924439,0.0027397260273972603,0,0,0,0,0,0,2167045.5,0,,Optimal,2.8421709430404007e-14
2924,939.86000000000001,887.85000000000002,52.009999999999991,1977.1600000000001,58.989999999999966,0,0,94.466197093184093,5.5338029068159074,1292307.9999999995,E0_P0_N48_seed42_cluster45,0,0,24,1,58.989999999999966,0,0,1292307.9999999995,692006,0,10401.999999999998,589899.99999999965,24,0,0.09634228760924439,0.0027397260273972603,0,0,0,0,0,0,1292307.9999999995,0,,Optimal,1.4210854715202004e-14
2777.8000000000002,536.06999999999994,536.06999999999994,0,2167.1500000000001,74.580000000000013,0,0,100,0,1504302.5,E0_P0_N48_seed42_cluster46,0,0,24,1,74.580000000000013,0,0,1504302.5,758502.5,0,0,745800.00000000012,24,0,0.09634228760924439,0.0027397260273972603,0,0,0,0,0,0,1504302.5,0,,Optimal,1.4210854715202004e-14
3070.1999999999998,856.06999999999994,821.44999999999993,34.620000000000019,2082.4299999999998,166.31999999999999,0,0,95.95593818262526,4.0440618173747502,2398974.5,E0_P0_N48_seed42_cluster47,0,0,24,1,166.31999999999999,0,0,2398974.5,728850.5,0,6924.0000000000036,1663200,24,0,0.09634228760924439,0.0027397260273972603,0,0,0,0,0,0,2398974.5,0,,Optimal,2.8421709430404007e-14
