cluster,w
0,12
1,9.5000000000000018
2,3.5
3,2
4,2
5,1.5
6,0.5
7,6
8,1
9,1.5000000000000002
10,7.5000000000000009
11,2
12,0.5
13,15.999999999999998
14,8
15,35.719718880887619
16,19.060562238015368
17,2.5
18,8
19,18
20,1
21,0.5
22,4
23,11.999999999999998
24,11.5
25,2
26,5
27,2
28,7.0000000000000009
29,4.3501999085553269
30,1.4999999999999998
31,26
32,0.5
33,11.5
34,8
35,2
36,12
37,0.49999999999999994
38,10
39,2
40,22.369518972541631
41,18
42,16
43,1
44,9.5
45,6.0000000000000009
46,2
47,10
