hour,load,wind,solar,cluster
0,92,1.5900000000000001,33.039999999999999,0
1,87,2.6099999999999999,57.909999999999997,0
2,83,12.02,77.349999999999994,0
3,81,21.469999999999999,88.030000000000001,0
4,82,17.98,91.569999999999993,0
5,89,12.02,81.799999999999997,0
6,103,8.6799999999999997,63.829999999999998,0
7,122,6.1200000000000001,39.210000000000001,0
8,139,4.0599999999999996,14.25,0
9,145,6.5800000000000001,0,0
10,141,11.890000000000001,0,0
11,134,18.149999999999999,0,0
12,128,19.539999999999999,0,0
13,125,16.09,0,0
14,127,12.09,0,0
15,133,9.8800000000000008,0,0
16,143,8.6300000000000008,0,0
17,154,7.9800000000000004,0,0
18,160,6.2599999999999998,0,0
19,162,3.1899999999999999,0,0
20,151,0.39000000000000001,0,0
21,132,0,0,0
22,112,0,0,0
23,99,0,5.0199999999999996,0
0,92,1.04,19.91,1
1,87,1.72,38.079999999999998,1
2,83,1.8500000000000001,54.469999999999999,1
3,81,3.1200000000000001,56.039999999999999,1
4,82,4.3600000000000003,51.829999999999998,1
5,89,3.8399999999999999,49.950000000000003,1
6,103,1.72,42.359999999999999,1
7,122,0.57999999999999996,27.050000000000001,1
8,139,0,11.69,1
9,145,0,0,1
10,141,0,0,1
11,134,0,0,1
12,128,1.25,0,1
13,125,3.6600000000000001,0,1
14,127,6.1200000000000001,0,1
15,133,6.7300000000000004,0,1
16,143,4.5199999999999996,0,1
17,154,2.0099999999999998,0,1
18,160,0.59999999999999998,0,1
19,162,0.71999999999999997,0,1
20,151,1.25,0,1
21,132,2.04,0,1
22,112,2.9300000000000002,0,1
23,99,3.7000000000000002,5.3799999999999999,1
0,92,7.6200000000000001,50.939999999999998,2
1,87,11.17,65.140000000000001,2
2,83,8.25,98.560000000000002,2
3,81,5.04,109.39,2
4,82,3.02,121.97,2
5,89,2.1499999999999999,135.5,2
6,103,2.4900000000000002,113.38,2
7,122,3.2200000000000002,88.780000000000001,2
8,139,3.6600000000000001,62.259999999999998,2
9,145,3.8100000000000001,31.870000000000001,2
10,141,4.4400000000000004,7.2199999999999998,2
11,134,6.54,0,2
12,128,9.8800000000000008,0,2
13,125,11.82,0,2
14,127,11.24,0,2
15,133,10.92,0,2
16,143,11.109999999999999,0,2
17,154,10.359999999999999,0,2
18,160,9.4700000000000006,0,2
19,162,8.9600000000000009,0,2
20,151,9.2400000000000002,0,2
21,132,8.9000000000000004,0.63,2
22,112,7.4199999999999999,13.93,2
23,99,5.0800000000000001,40.229999999999997,2
0,96.599999999999994,0,3.5299999999999998,3
1,91.349999999999994,0,5.3700000000000001,3
2,87.150000000000006,0,6.1500000000000004,3
3,85.049999999999997,0,9.9499999999999993,3
4,86.099999999999994,0,10.289999999999999,3
5,93.450000000000003,0,9.5800000000000001,3
6,108.15000000000001,0.10000000000000001,9.3800000000000008,3
7,128.09999999999999,3.73,7.0700000000000003,3
8,145.94999999999999,17.390000000000001,3.75,3
9,152.25,31.789999999999999,0,3
10,148.05000000000001,36.729999999999997,0,3
11,140.69999999999999,43.740000000000002,0,3
12,134.40000000000001,50.100000000000001,0,3
13,131.25,63.219999999999999,0,3
14,133.34999999999999,93.299999999999997,0,3
15,139.65000000000001,100,0,3
16,150.15000000000001,91.609999999999999,0,3
17,161.69999999999999,69.430000000000007,0,3
18,168,89.700000000000003,0,3
19,170.09999999999999,99.239999999999995,0,3
20,158.55000000000001,94.030000000000001,0,3
21,138.59999999999999,99.489999999999995,0,3
22,117.59999999999999,97.980000000000004,0,3
23,103.95,80.790000000000006,0.58999999999999997,3
0,96.599999999999994,95.25,7.4199999999999999,4
1,91.349999999999994,88.760000000000005,13.619999999999999,4
2,87.150000000000006,73.709999999999994,9.75,4
3,85.049999999999997,69.430000000000007,15.119999999999999,4
4,86.099999999999994,84.370000000000005,17.440000000000001,4
5,93.450000000000003,84.599999999999994,14.699999999999999,4
6,108.15000000000001,68.829999999999998,8.0500000000000007,4
7,128.09999999999999,60.07,6.2800000000000002,4
8,145.94999999999999,54.079999999999998,3.0699999999999998,4
9,152.25,51.240000000000002,0,4
10,148.05000000000001,51.57,0,4
11,140.69999999999999,46.93,0,4
12,134.40000000000001,38.479999999999997,0,4
13,131.25,32.520000000000003,0,4
14,133.34999999999999,29.190000000000001,0,4
15,139.65000000000001,30.120000000000001,0,4
16,150.15000000000001,30.59,0,4
17,161.69999999999999,26.629999999999999,0,4
18,168,22.140000000000001,0,4
19,170.09999999999999,19.280000000000001,0,4
20,158.55000000000001,18.059999999999999,0,4
21,138.59999999999999,15.550000000000001,0,4
22,117.59999999999999,12.15,0,4
23,103.95,9.5899999999999999,2.6299999999999999,4
0,96.599999999999994,60.619999999999997,32.509999999999998,5
1,91.349999999999994,100,58.130000000000003,5
2,87.150000000000006,100,79.510000000000005,5
3,85.049999999999997,100,92.120000000000005,5
4,86.099999999999994,100,92.099999999999994,5
5,93.450000000000003,100,83.349999999999994,5
6,108.15000000000001,100,65.489999999999995,5
7,128.09999999999999,100,40.93,5
8,145.94999999999999,63.030000000000001,15.83,5
9,152.25,44.039999999999999,0,5
10,148.05000000000001,47.240000000000002,0,5
11,140.69999999999999,47.399999999999999,0,5
12,134.40000000000001,46.310000000000002,0,5
13,131.25,44.640000000000001,0,5
14,133.34999999999999,41.130000000000003,0,5
15,139.65000000000001,39.719999999999999,0,5
16,150.15000000000001,35.159999999999997,0,5
17,161.69999999999999,28.059999999999999,0,5
18,168,21.57,0,5
19,170.09999999999999,17.309999999999999,0,5
20,158.55000000000001,12.970000000000001,0,5
21,138.59999999999999,8.7899999999999991,0,5
22,117.59999999999999,6.3499999999999996,0,5
23,103.95,4.6699999999999999,7.96,5
0,96.599999999999994,0,23.84,6
1,91.349999999999994,3.3900000000000001,49.939999999999998,6
2,87.150000000000006,26.850000000000001,61.009999999999998,6
3,85.049999999999997,45.240000000000002,69.349999999999994,6
4,86.099999999999994,50.590000000000003,69.590000000000003,6
5,93.450000000000003,65.120000000000005,63.299999999999997,6
6,108.15000000000001,94.510000000000005,47.409999999999997,6
7,128.09999999999999,100,26.719999999999999,6
8,145.94999999999999,100,8.8599999999999994,6
9,152.25,100,0,6
10,148.05000000000001,100,0,6
11,140.69999999999999,100,0,6
12,134.40000000000001,95.25,0,6
13,131.25,75.390000000000001,0,6
14,133.34999999999999,56.5,0,6
15,139.65000000000001,45.240000000000002,0,6
16,150.15000000000001,41.560000000000002,0,6
17,161.69999999999999,37.93,0,6
18,168,38.200000000000003,0,6
19,170.09999999999999,37.259999999999998,0,6
20,158.55000000000001,33.380000000000003,0,6
21,138.59999999999999,26.100000000000001,0,6
22,117.59999999999999,21.760000000000002,0,6
23,103.95,17.890000000000001,2.1200000000000001,6
0,96.599999999999994,26.199999999999999,9.5,7
1,91.349999999999994,22.140000000000001,12.24,7
2,87.150000000000006,16.41,11.699999999999999,7
3,85.049999999999997,14.039999999999999,14.41,7
4,86.099999999999994,14.26,17.960000000000001,7
5,93.450000000000003,14.109999999999999,21.289999999999999,7
6,108.15000000000001,13.390000000000001,33.280000000000001,7
7,128.09999999999999,11.24,40.109999999999999,7
8,145.94999999999999,7.3099999999999996,24.09,7
9,152.25,3.3500000000000001,12.94,7
10,148.05000000000001,1.1799999999999999,5.4199999999999999,7
11,140.69999999999999,1.29,0.26000000000000001,7
12,134.40000000000001,3.5899999999999999,0,7
13,131.25,6.21,0,7
14,133.34999999999999,8.0899999999999999,0,7
15,139.65000000000001,9.0700000000000003,0,7
16,150.15000000000001,9.2400000000000002,0,7
17,161.69999999999999,9.5299999999999994,0,7
18,168,11.56,0,7
19,170.09999999999999,10.92,0,7
20,158.55000000000001,8.5700000000000003,0,7
21,138.59999999999999,8.3499999999999996,0.5,7
22,117.59999999999999,8.1400000000000006,7.9699999999999998,7
23,103.95,6.9199999999999999,17.07,7
0,96.599999999999994,0,27.809999999999999,8
1,91.349999999999994,0,50.579999999999998,8
2,87.150000000000006,0.14999999999999999,61.93,8
3,85.049999999999997,2.1800000000000002,49.770000000000003,8
4,86.099999999999994,4.0599999999999996,56.43,8
5,93.450000000000003,4.3600000000000003,61,8
6,108.15000000000001,3.77,67.140000000000001,8
7,128.09999999999999,3.1499999999999999,45.780000000000001,8
8,145.94999999999999,4.0199999999999996,24.27,8
9,152.25,7.9299999999999997,13.27,8
10,148.05000000000001,18.23,4.7999999999999998,8
11,140.69999999999999,50.43,0,8
12,134.40000000000001,80.790000000000006,0,8
13,131.25,83.239999999999995,0,8
14,133.34999999999999,68.230000000000004,0,8
15,139.65000000000001,58.619999999999997,0,8
16,150.15000000000001,38.890000000000001,0,8
17,161.69999999999999,36.200000000000003,0,8
18,168,45.700000000000003,0,8
19,170.09999999999999,47.869999999999997,0,8
20,158.55000000000001,45.700000000000003,0,8
21,138.59999999999999,37.530000000000001,0.42999999999999999,8
22,117.59999999999999,23.41,3.6899999999999999,8
23,103.95,12.83,7.7199999999999998,8
0,92,5.8899999999999997,15.75,9
1,87,9.3000000000000007,37.200000000000003,9
2,83,17.640000000000001,57,9
3,81,21.280000000000001,54.899999999999999,9
4,82,20.539999999999999,39.390000000000001,9
5,89,18.84,25.629999999999999,9
6,103,20.91,15.84,9
7,122,28.399999999999999,11.76,9
8,139,41.560000000000002,5.7199999999999998,9
9,145,66.269999999999996,0.59999999999999998,9
10,141,96.730000000000004,0,9
11,134,83.689999999999998,0,9
12,128,67.640000000000001,0,9
13,125,62.649999999999999,0,9
14,127,54.600000000000001,0,9
15,133,49.619999999999997,0,9
16,143,36.729999999999997,0,9
17,154,27.949999999999999,0,9
18,160,22.620000000000001,0,9
19,162,21.379999999999999,0,9
20,151,19.370000000000001,0,9
21,132,16.41,0,9
22,112,14.039999999999999,0,9
23,99,11.56,0.35999999999999999,9
0,87.400000000000006,0,42.030000000000001,10
1,82.650000000000006,0,68.540000000000006,10
2,78.849999999999994,0,88.799999999999997,10
3,76.950000000000003,0.029999999999999999,100.09999999999999,10
4,77.900000000000006,0.39000000000000001,105.2,10
5,84.549999999999997,0.69999999999999996,95.609999999999999,10
6,97.849999999999994,0.48999999999999999,76.769999999999996,10
7,115.90000000000001,0.050000000000000003,50.810000000000002,10
8,132.05000000000001,0,21.949999999999999,10
9,137.75,0,1.6299999999999999,10
10,133.94999999999999,0,0,10
11,127.3,0,0,10
12,121.59999999999999,2.4100000000000001,0,10
13,118.75,5.54,0,10
14,120.65000000000001,8.5700000000000003,0,10
15,126.34999999999999,10.359999999999999,0,10
16,135.84999999999999,10.49,0,10
17,146.30000000000001,10.98,0,10
18,152,11.82,0,10
19,153.90000000000001,11.5,0,10
20,143.44999999999999,9.9399999999999995,0,10
21,125.40000000000001,8.3000000000000007,0,10
22,106.40000000000001,7.3099999999999996,0.59999999999999998,10
23,94.049999999999997,6.0700000000000003,16.420000000000002,10
0,87.400000000000006,18.059999999999999,7.79,11
1,82.650000000000006,18.23,13.859999999999999,11
2,78.849999999999994,15.390000000000001,17.809999999999999,11
3,76.950000000000003,15.08,18.039999999999999,11
4,77.900000000000006,18.579999999999998,8.3800000000000008,11
5,84.549999999999997,24.629999999999999,6.4699999999999998,11
6,97.849999999999994,33.009999999999998,5.4299999999999997,11
7,115.90000000000001,41.270000000000003,6.7800000000000002,11
8,132.05000000000001,45.090000000000003,2.5699999999999998,11
9,137.75,38.200000000000003,0,11
10,133.94999999999999,28.739999999999998,0,11
11,127.3,19.100000000000001,0,11
12,121.59999999999999,14.93,0,11
13,118.75,14.19,0,11
14,120.65000000000001,14.41,0,11
15,126.34999999999999,15.08,0,11
16,135.84999999999999,14.56,0,11
17,146.30000000000001,12.699999999999999,0,11
18,152,10.98,0,11
19,153.90000000000001,9.9399999999999995,0,11
20,143.44999999999999,8.7400000000000002,0,11
21,125.40000000000001,6.0700000000000003,0,11
22,106.40000000000001,3.73,0,11
23,94.049999999999997,2.1200000000000001,6.1100000000000003,11
0,92,100,4.2000000000000002,12
1,87,100,8.9100000000000001,12
2,83,100,7.2999999999999998,12
3,81,100,12.65,12
4,82,100,12.119999999999999,12
5,89,100,8.3100000000000005,12
6,103,100,10.640000000000001,12
7,122,100,12.4,12
8,139,100,6.2199999999999998,12
9,145,100,0.85999999999999999,12
10,141,100,0,12
11,134,100,0,12
12,128,100,0,12
13,125,100,0,12
14,127,100,0,12
15,133,100,0,12
16,143,100,0,12
17,154,100,0,12
18,160,100,0,12
19,162,100,0,12
20,151,100,0,12
21,132,96.730000000000004,0,12
22,112,82.120000000000005,0,12
23,99,68.430000000000007,0.34000000000000002,12
0,92,3.4900000000000002,15.58,13
1,87,2.29,28.530000000000001,13
2,83,1.2,49.229999999999997,13
3,81,1.8200000000000001,58.32,13
4,82,4.5599999999999996,72.950000000000003,13
5,89,8.6799999999999997,58.969999999999999,13
6,103,13.9,43.009999999999998,13
7,122,21.850000000000001,37.850000000000001,13
8,139,29.190000000000001,22.550000000000001,13
9,145,23.920000000000002,12.49,13
10,141,21.100000000000001,5.3099999999999996,13
11,134,25.149999999999999,0.14999999999999999,13
12,128,30.949999999999999,0,13
13,125,31.059999999999999,0,13
14,127,27.07,0,13
15,133,19.280000000000001,0,13
16,143,15.550000000000001,0,13
17,154,13.390000000000001,0,13
18,160,15.859999999999999,0,13
19,162,20.359999999999999,0,13
20,151,24.32,0,13
21,132,23.120000000000001,0.39000000000000001,13
22,112,21,2.2000000000000002,13
23,99,26.420000000000002,4.8300000000000001,13
0,92,17.140000000000001,73.650000000000006,14
1,87,43.009999999999998,101.7,14
2,83,100,117.05,14
3,81,100,132.06999999999999,14
4,82,100,136.84999999999999,14
5,89,90.890000000000001,135.65000000000001,14
6,103,77.299999999999997,116.03,14
7,122,67.25,85.430000000000007,14
8,139,48.030000000000001,54.060000000000002,14
9,145,38.609999999999999,25.25,14
10,141,39.299999999999997,3.6800000000000002,14
11,134,34.770000000000003,0,14
12,128,29.66,0,14
13,125,26.960000000000001,0,14
14,127,25.879999999999999,0,14
15,133,25.879999999999999,0,14
16,143,24.629999999999999,0,14
17,154,29.079999999999998,0,14
18,160,14.93,0,14
19,162,3.77,0,14
20,151,16.739999999999998,0,14
21,132,24.420000000000002,0,14
22,112,22.620000000000001,3.6299999999999999,14
23,99,19.899999999999999,15.369999999999999,14
0,96.599999999999994,2.1800000000000002,61.590000000000003,15
1,91.349999999999994,1.5600000000000001,90.019999999999996,15
2,87.150000000000006,0.89000000000000001,108.8,15
3,85.049999999999997,0.46999999999999997,115.45999999999999,15
4,86.099999999999994,0.14999999999999999,128.55000000000001,15
5,93.450000000000003,0,118.79000000000001,15
6,108.15000000000001,0,110.98,15
7,128.09999999999999,0,88.519999999999996,15
8,145.94999999999999,0,56.890000000000001,15
9,152.25,0,30.140000000000001,15
10,148.05000000000001,1.1299999999999999,10.9,15
11,140.69999999999999,4.29,0,15
12,134.40000000000001,9.1300000000000008,0,15
13,131.25,12.77,0,15
14,133.34999999999999,13.609999999999999,0,15
15,139.65000000000001,12.09,0,15
16,150.15000000000001,8.5700000000000003,0,15
17,161.69999999999999,6.8200000000000003,0,15
18,168,6.54,0,15
19,170.09999999999999,7.0700000000000003,0,15
20,158.55000000000001,7.7199999999999998,0,15
21,138.59999999999999,8.6799999999999997,0.45000000000000001,15
22,117.59999999999999,7.1200000000000001,12.279999999999999,15
23,103.95,6.21,37.890000000000001,15
0,92,0,5.7300000000000004,16
1,87,0,12.99,16
2,83,0,19.530000000000001,16
3,81,0,25.620000000000001,16
4,82,0,26.079999999999998,16
5,89,0,25.149999999999999,16
6,103,0,19.710000000000001,16
7,122,0,11.82,16
8,139,0,3.2000000000000002,16
9,145,0,0.35999999999999999,16
10,141,0,0,16
11,134,0.68000000000000005,0,16
12,128,1.74,0,16
13,125,2.5499999999999998,0,16
14,127,2.8300000000000001,0,16
15,133,2.4900000000000002,0,16
16,143,1.6399999999999999,0,16
17,154,0.64000000000000001,0,16
18,160,0,0,16
19,162,0,0,16
20,151,0,0,16
21,132,0,0,16
22,112,0.54000000000000004,0,16
23,99,2.7999999999999998,1.6000000000000001,16
0,96.599999999999994,12.42,16.289999999999999,17
1,91.349999999999994,12.9,22.539999999999999,17
2,87.150000000000006,10.300000000000001,31.370000000000001,17
3,85.049999999999997,7.1699999999999999,30.539999999999999,17
4,86.099999999999994,5.3700000000000001,29.359999999999999,17
5,93.450000000000003,4.9100000000000001,20.280000000000001,17
6,108.15000000000001,6.2599999999999998,15.83,17
7,128.09999999999999,9.3000000000000007,12.300000000000001,17
8,145.94999999999999,10.92,8.0299999999999994,17
9,152.25,9.9399999999999995,3.6099999999999999,17
10,148.05000000000001,14.779999999999999,0.35999999999999999,17
11,140.69999999999999,22.530000000000001,0,17
12,134.40000000000001,30.710000000000001,0,17
13,131.25,23.710000000000001,0,17
14,133.34999999999999,22.329999999999998,0,17
15,139.65000000000001,20.449999999999999,0,17
16,150.15000000000001,22.239999999999998,0,17
17,161.69999999999999,26.309999999999999,0,17
18,168,28.629999999999999,0,17
19,170.09999999999999,26.629999999999999,0,17
20,158.55000000000001,23.609999999999999,0,17
21,138.59999999999999,21.949999999999999,0,17
22,117.59999999999999,22.329999999999998,0.88,17
23,103.95,24.120000000000001,6.6600000000000001,17
0,92,0.97999999999999998,37.32,18
1,87,1.6399999999999999,46.399999999999999,18
2,83,1.4399999999999999,61.979999999999997,18
3,81,1.74,81.739999999999995,18
4,82,2.1800000000000002,84.909999999999997,18
5,89,2.5800000000000001,84.079999999999998,18
6,103,1.79,77.909999999999997,18
7,122,0.54000000000000004,62.380000000000003,18
8,139,0.20000000000000001,35.5,18
9,145,0.029999999999999999,18.030000000000001,18
10,141,0,6.1100000000000003,18
11,134,0,0.31,18
12,128,0,0,18
13,125,0,0,18
14,127,0.17999999999999999,0,18
15,133,1.3700000000000001,0,18
16,143,3.5600000000000001,0,18
17,154,0,0,18
18,160,0,0,18
19,162,0,0,18
20,151,1.79,0,18
21,132,4.0999999999999996,0.76000000000000001,18
22,112,4.71,8.4199999999999999,18
23,99,3.73,22.620000000000001,18
0,92,23.309999999999999,33.450000000000003,19
1,87,33.380000000000003,64.099999999999994,19
2,83,26.739999999999998,91.640000000000001,19
3,81,20.629999999999999,108.02,19
4,82,19.989999999999998,100.70999999999999,19
5,89,21.949999999999999,91.079999999999998,19
6,103,23.809999999999999,78.920000000000002,19
7,122,25.25,60.490000000000002,19
8,139,23.920000000000002,36.390000000000001,19
9,145,18.84,11.43,19
10,141,19.280000000000001,0,19
11,134,21.100000000000001,0,19
12,128,20.359999999999999,0,19
13,125,16.98,0,19
14,127,12.56,0,19
15,133,10.06,0,19
16,143,7.6200000000000001,0,19
17,154,4.6699999999999999,0,19
18,160,2.4300000000000002,0,19
19,162,1.4099999999999999,0,19
20,151,1.29,0,19
21,132,2.0600000000000001,0,19
22,112,3.52,0,19
23,99,4.79,8.1600000000000001,19
0,87.400000000000006,4.6299999999999999,9.6699999999999999,20
1,82.650000000000006,4.0999999999999996,18.120000000000001,20
2,78.849999999999994,3.29,23.800000000000001,20
3,76.950000000000003,6.6299999999999999,18.66,20
4,77.900000000000006,16.82,23.57,20
5,84.549999999999997,31.539999999999999,25.399999999999999,20
6,97.849999999999994,42.280000000000001,9.5299999999999994,20
7,115.90000000000001,29.890000000000001,7.2999999999999998,20
8,132.05000000000001,16.41,6.0300000000000002,20
9,137.75,27.18,0.46999999999999997,20
10,133.94999999999999,41.130000000000003,0,20
11,127.3,45.240000000000002,0,20
12,121.59999999999999,30.59,0,20
13,118.75,34.640000000000001,0,20
14,120.65000000000001,52.57,0,20
15,126.34999999999999,56.32,0,20
16,135.84999999999999,59.520000000000003,0,20
17,146.30000000000001,62.840000000000003,0,20
18,152,78.599999999999994,0,20
19,153.90000000000001,88.989999999999995,0,20
20,143.44999999999999,95.989999999999995,0,20
21,125.40000000000001,91.370000000000005,0,20
22,106.40000000000001,77.730000000000004,0,20
23,94.049999999999997,73.5,0.44,20
0,96.599999999999994,69.030000000000001,26.629999999999999,21
1,91.349999999999994,75.180000000000007,40.490000000000002,21
2,87.150000000000006,66.469999999999999,51.25,21
3,85.049999999999997,44.640000000000001,37.369999999999997,21
4,86.099999999999994,19.719999999999999,29.989999999999998,21
5,93.450000000000003,5.3700000000000001,12.02,21
6,108.15000000000001,0,19.629999999999999,21
7,128.09999999999999,0.17999999999999999,5.9800000000000004,21
8,145.94999999999999,10.300000000000001,5.0300000000000002,21
9,152.25,28.399999999999999,2.6699999999999999,21
10,148.05000000000001,41.409999999999997,0.37,21
11,140.69999999999999,47.710000000000001,0,21
12,134.40000000000001,64.349999999999994,0,21
13,131.25,82.569999999999993,0,21
14,133.34999999999999,79.030000000000001,0,21
15,139.65000000000001,80.349999999999994,0,21
16,150.15000000000001,86.659999999999997,0,21
17,161.69999999999999,69.230000000000004,0,21
18,168,55.280000000000001,0,21
19,170.09999999999999,52.399999999999999,0,21
20,158.55000000000001,53.07,0,21
21,138.59999999999999,52.57,0,21
22,117.59999999999999,51.409999999999997,0.28999999999999998,21
23,103.95,44.039999999999999,4.4000000000000004,21
0,92,1.3200000000000001,48.149999999999999,22
1,87,1.8999999999999999,78.140000000000001,22
2,83,2.29,102.27,22
3,81,4.3200000000000003,117.94,22
4,82,7.4199999999999999,113.89,22
5,89,10.67,107.73,22
6,103,12.9,90.480000000000004,22
7,122,14.19,67.299999999999997,22
8,139,16.899999999999999,40.479999999999997,22
9,145,27.289999999999999,15.98,22
10,141,56.670000000000002,0.91000000000000003,22
11,134,70.230000000000004,0,22
12,128,65.120000000000005,0,22
13,125,57.909999999999997,0,22
14,127,67.840000000000003,0,22
15,133,69.829999999999998,0,22
16,143,60.07,0,22
17,154,47.399999999999999,0,22
18,160,44.039999999999999,0,22
19,162,43.450000000000003,0,22
20,151,53.740000000000002,0,22
21,132,55.979999999999997,0,22
22,112,53.909999999999997,0.68000000000000005,22
23,99,53.409999999999997,9.1699999999999999,22
0,87.400000000000006,27.399999999999999,16.449999999999999,23
1,82.650000000000006,25.879999999999999,28.18,23
2,78.849999999999994,22.530000000000001,40.310000000000002,23
3,76.950000000000003,20.719999999999999,46.700000000000003,23
4,77.900000000000006,21,47.060000000000002,23
5,84.549999999999997,21.379999999999999,47.770000000000003,23
6,97.849999999999994,19.809999999999999,45.880000000000003,23
7,115.90000000000001,18.149999999999999,29.390000000000001,23
8,132.05000000000001,14.859999999999999,17.199999999999999,23
9,137.75,10.49,6.7599999999999998,23
10,133.94999999999999,10.859999999999999,0.52000000000000002,23
11,127.3,12.42,0,23
12,121.59999999999999,12.56,0,23
13,118.75,11.300000000000001,0,23
14,120.65000000000001,9.0199999999999996,0,23
15,126.34999999999999,6.4900000000000002,0,23
16,135.84999999999999,4.5899999999999999,0,23
17,146.30000000000001,3.25,0,23
18,152,3.25,0,23
19,153.90000000000001,6.1699999999999999,0,23
20,143.44999999999999,9.0700000000000003,0,23
21,125.40000000000001,8.5700000000000003,0,23
22,106.40000000000001,6.8700000000000001,2.7999999999999998,23
23,94.049999999999997,2.9900000000000002,17.539999999999999,23
0,92,0,39.549999999999997,24
1,87,0,67.590000000000003,24
2,83,0,77.629999999999995,24
3,81,0.46999999999999997,80.959999999999994,24
4,82,0.51000000000000001,75.689999999999998,24
5,89,0.40999999999999998,63.539999999999999,24
6,103,0.76000000000000001,45.630000000000003,24
7,122,1.79,36.829999999999998,24
8,139,3.2200000000000002,20.579999999999998,24
9,145,3.2200000000000002,4.8799999999999999,24
10,141,3.52,0,24
11,134,6.1200000000000001,0,24
12,128,9.2400000000000002,0,24
13,125,7.7699999999999996,0,24
14,127,4.5899999999999999,0,24
15,133,4.5199999999999996,0,24
16,143,6.1699999999999999,0,24
17,154,5.7199999999999998,0,24
18,160,3.6600000000000001,0,24
19,162,2.6099999999999999,0,24
20,151,2.0899999999999999,0,24
21,132,0.94999999999999996,0,24
22,112,1.49,1.45,24
23,99,1.77,14.99,24
0,96.599999999999994,47.240000000000002,11.01,25
1,91.349999999999994,53.240000000000002,18.52,25
2,87.150000000000006,72.260000000000005,23.890000000000001,25
3,85.049999999999997,93.049999999999997,14.9,25
4,86.099999999999994,100,41.700000000000003,25
5,93.450000000000003,92.569999999999993,43.560000000000002,25
6,108.15000000000001,81.010000000000005,40.990000000000002,25
7,128.09999999999999,65.689999999999998,28.579999999999998,25
8,145.94999999999999,52.729999999999997,15.69,25
9,152.25,43.299999999999997,7.4199999999999999,25
10,148.05000000000001,85.510000000000005,0.73999999999999999,25
11,140.69999999999999,100,0,25
12,134.40000000000001,100,0,25
13,131.25,100,0,25
14,133.34999999999999,82.120000000000005,0,25
15,139.65000000000001,40.140000000000001,0,25
16,150.15000000000001,35.030000000000001,0,25
17,161.69999999999999,48.030000000000001,0,25
18,168,59.159999999999997,0,25
19,170.09999999999999,69.829999999999998,0,25
20,158.55000000000001,60.25,0,25
21,138.59999999999999,43.600000000000001,0,25
22,117.59999999999999,7.0700000000000003,1.3999999999999999,25
23,103.95,22.329999999999998,10.699999999999999,25
0,87.400000000000006,7.4199999999999999,66.780000000000001,26
1,82.650000000000006,7.0700000000000003,93.390000000000001,26
2,78.849999999999994,9.0199999999999996,118.53,26
3,76.950000000000003,10.67,134.15000000000001,26
4,77.900000000000006,9.5899999999999999,140.36000000000001,26
5,84.549999999999997,8.0299999999999994,131.58000000000001,26
6,97.849999999999994,5.8499999999999996,115.06999999999999,26
7,115.90000000000001,3.9500000000000002,94.040000000000006,26
8,132.05000000000001,3.2200000000000002,63.990000000000002,26
9,137.75,3.6600000000000001,34.409999999999997,26
10,133.94999999999999,4.21,11.619999999999999,26
11,127.3,4.8300000000000001,0,26
12,121.59999999999999,6.21,0,26
13,118.75,9.1300000000000008,0,26
14,120.65000000000001,13.390000000000001,0,26
15,126.34999999999999,14.859999999999999,0,26
16,135.84999999999999,14.039999999999999,0,26
17,146.30000000000001,12.15,0,26
18,152,10.43,0,26
19,153.90000000000001,10.119999999999999,0,26
20,143.44999999999999,10.359999999999999,0,26
21,125.40000000000001,10.67,0.40000000000000002,26
22,106.40000000000001,8.5199999999999996,12.56,26
23,94.049999999999997,6.8700000000000001,38.479999999999997,26
0,87.400000000000006,61.539999999999999,70.840000000000003,27
1,82.650000000000006,73.5,96.870000000000005,27
2,78.849999999999994,78.159999999999997,110.36,27
3,76.950000000000003,77.730000000000004,124.86,27
4,77.900000000000006,76.870000000000005,122.61,27
5,84.549999999999997,73.299999999999997,90.739999999999995,27
6,97.849999999999994,66.659999999999997,78.530000000000001,27
7,115.90000000000001,60.619999999999997,44.93,27
8,132.05000000000001,54.420000000000002,30.93,27
9,137.75,44.490000000000002,17.600000000000001,27
10,133.94999999999999,39.159999999999997,6.5099999999999998,27
11,127.3,33.259999999999998,0.48999999999999999,27
12,121.59999999999999,35.030000000000001,0,27
13,118.75,37.390000000000001,0,27
14,120.65000000000001,45.549999999999997,0,27
15,126.34999999999999,64.730000000000004,0,27
16,135.84999999999999,66.859999999999999,0,27
17,146.30000000000001,68.829999999999998,0,27
18,152,69.430000000000007,0,27
19,153.90000000000001,76.019999999999996,0,27
20,143.44999999999999,72.260000000000005,0,27
21,125.40000000000001,65.5,0.80000000000000004,27
22,106.40000000000001,62.280000000000001,8.3800000000000008,27
23,94.049999999999997,60.979999999999997,23.010000000000002,27
0,92,1.46,45.960000000000001,28
1,87,1.4399999999999999,72.579999999999998,28
2,83,6.5800000000000001,92.650000000000006,28
3,81,6.5800000000000001,103.83,28
4,82,5.1600000000000001,107.62,28
5,89,3.7000000000000002,98.010000000000005,28
6,103,2.6800000000000002,79.129999999999995,28
7,122,2.0600000000000001,52.950000000000003,28
8,139,1.79,23.07,28
9,145,3.02,1.6499999999999999,28
10,141,6.9199999999999999,0,28
11,134,13.109999999999999,0,28
12,128,19.100000000000001,0,28
13,125,21.280000000000001,0,28
14,127,20.079999999999998,0,28
15,133,17.98,0,28
16,143,16.489999999999998,0,28
17,154,15.24,0,28
18,160,14.109999999999999,0,28
19,162,13.68,0,28
20,151,13.82,0,28
21,132,13.75,0,28
22,112,13.82,0.55000000000000004,28
23,99,12.699999999999999,16.300000000000001,28
0,87.400000000000006,33.880000000000003,20.75,29
1,82.650000000000006,30.59,36.659999999999997,29
2,78.849999999999994,22.239999999999998,52.979999999999997,29
3,76.950000000000003,26.530000000000001,61.590000000000003,29
4,77.900000000000006,36.329999999999998,57.439999999999998,29
5,84.549999999999997,50.909999999999997,48.189999999999998,29
6,97.849999999999994,58.799999999999997,49.159999999999997,29
7,115.90000000000001,55.280000000000001,29.719999999999999,29
8,132.05000000000001,54.770000000000003,10.31,29
9,137.75,45.090000000000003,0.46000000000000002,29
10,133.94999999999999,39.299999999999997,0,29
11,127.3,33.380000000000003,0,29
12,121.59999999999999,27.949999999999999,0,29
13,118.75,22.620000000000001,0,29
14,120.65000000000001,18.66,0,29
15,126.34999999999999,18.579999999999998,0,29
16,135.84999999999999,18.920000000000002,0,29
17,146.30000000000001,19.010000000000002,0,29
18,152,18.66,0,29
19,153.90000000000001,17.809999999999999,0,29
20,143.44999999999999,17.73,0,29
21,125.40000000000001,17.059999999999999,0,29
22,106.40000000000001,12.220000000000001,0,29
23,94.049999999999997,7.6699999999999999,5.4800000000000004,29
0,96.599999999999994,13.970000000000001,16.859999999999999,30
1,91.349999999999994,7.8799999999999999,27.300000000000001,30
2,87.150000000000006,5.9800000000000004,31.41,30
3,85.049999999999997,7.0199999999999996,28.960000000000001,30
4,86.099999999999994,16.82,18.129999999999999,30
5,93.450000000000003,39.159999999999997,17.75,30
6,108.15000000000001,48.340000000000003,12.65,30
7,128.09999999999999,53.07,9.2300000000000004,30
8,145.94999999999999,89.230000000000004,7.7199999999999998,30
9,152.25,82.120000000000005,4.9500000000000002,30
10,148.05000000000001,64.540000000000006,1.5800000000000001,30
11,140.69999999999999,61.170000000000002,0,30
12,134.40000000000001,58.270000000000003,0,30
13,131.25,53.240000000000002,0,30
14,133.34999999999999,49.619999999999997,0,30
15,139.65000000000001,51.740000000000002,0,30
16,150.15000000000001,57.729999999999997,0,30
17,161.69999999999999,62.649999999999999,0,30
18,168,58.270000000000003,0,30
19,170.09999999999999,49.460000000000001,0,30
20,158.55000000000001,42.859999999999999,0,30
21,138.59999999999999,30.350000000000001,0.42999999999999999,30
22,117.59999999999999,27.84,10.15,30
23,103.95,29.420000000000002,30.620000000000001,30
0,96.599999999999994,0.050000000000000003,23.18,31
1,91.349999999999994,0,39.579999999999998,31
2,87.150000000000006,0,55,31
3,85.049999999999997,0.059999999999999998,67.75,31
4,86.099999999999994,0.20000000000000001,67.030000000000001,31
5,93.450000000000003,0.54000000000000004,65.019999999999996,31
6,108.15000000000001,0.91000000000000003,49.969999999999999,31
7,128.09999999999999,1.54,30.489999999999998,31
8,145.94999999999999,2.04,18.039999999999999,31
9,152.25,1.6899999999999999,7.9699999999999998,31
10,148.05000000000001,1.3400000000000001,0.65000000000000002,31
11,140.69999999999999,0.94999999999999996,0,31
12,134.40000000000001,0.54000000000000004,0,31
13,131.25,0.029999999999999999,0,31
14,133.34999999999999,0,0,31
15,139.65000000000001,0,0,31
16,150.15000000000001,0.20000000000000001,0,31
17,161.69999999999999,0.45000000000000001,0,31
18,168,0.48999999999999999,0,31
19,170.09999999999999,0,0,31
20,158.55000000000001,0,0,31
21,138.59999999999999,0,0,31
22,117.59999999999999,0,1.1399999999999999,31
23,103.95,0,10.970000000000001,31
0,96.599999999999994,51.899999999999999,3.5699999999999998,32
1,91.349999999999994,89.939999999999998,4.6200000000000001,32
2,87.150000000000006,100,9.1999999999999993,32
3,85.049999999999997,100,24.550000000000001,32
4,86.099999999999994,100,70.340000000000003,32
5,93.450000000000003,100,75.5,32
6,108.15000000000001,100,65.609999999999999,32
7,128.09999999999999,100,51.939999999999998,32
8,145.94999999999999,95.5,33.25,32
9,152.25,75.599999999999994,16.530000000000001,32
10,148.05000000000001,67.450000000000003,3.8199999999999998,32
11,140.69999999999999,73.709999999999994,0,32
12,134.40000000000001,75.810000000000002,0,32
13,131.25,68.829999999999998,0,32
14,133.34999999999999,55.630000000000003,0,32
15,139.65000000000001,48.5,0,32
16,150.15000000000001,46.469999999999999,0,32
17,161.69999999999999,32.030000000000001,0,32
18,168,44.640000000000001,0,32
19,170.09999999999999,100,0,32
20,158.55000000000001,100,0,32
21,138.59999999999999,100,0.22,32
22,117.59999999999999,90.180000000000007,5.2999999999999998,32
23,103.95,77.299999999999997,16.48,32
0,87.400000000000006,0.62,41.920000000000002,33
1,82.650000000000006,0,72.489999999999995,33
2,78.849999999999994,2.6800000000000002,97.659999999999997,33
3,76.950000000000003,1.8500000000000001,114.29000000000001,33
4,77.900000000000006,1.3400000000000001,120.95,33
5,84.549999999999997,1.22,116.14,33
6,97.849999999999994,1.1799999999999999,100.81999999999999,33
7,115.90000000000001,1.1799999999999999,76.430000000000007,33
8,132.05000000000001,1.22,46.149999999999999,33
9,137.75,0.82999999999999996,16.41,33
10,133.94999999999999,0.93000000000000005,0.56000000000000005,33
11,127.3,1.8200000000000001,0,33
12,121.59999999999999,4.0599999999999996,0,33
13,118.75,7.4699999999999998,0,33
14,120.65000000000001,10.06,0,33
15,126.34999999999999,9.9399999999999995,0,33
16,135.84999999999999,7.21,0,33
17,146.30000000000001,4.96,0,33
18,152,4.3600000000000003,0,33
19,153.90000000000001,4.4800000000000004,0,33
20,143.44999999999999,4.6699999999999999,0,33
21,125.40000000000001,4.4800000000000004,0,33
22,106.40000000000001,5.1600000000000001,0,33
23,94.049999999999997,6.4900000000000002,15.17,33
0,96.599999999999994,37.530000000000001,44.07,34
1,91.349999999999994,50.909999999999997,74.590000000000003,34
2,87.150000000000006,58.439999999999998,82.150000000000006,34
3,85.049999999999997,53.740000000000002,87.200000000000003,34
4,86.099999999999994,47.549999999999997,83.409999999999997,34
5,93.450000000000003,44.189999999999998,71.030000000000001,34
6,108.15000000000001,37.259999999999998,53.07,34
7,128.09999999999999,28.399999999999999,38.310000000000002,34
8,145.94999999999999,16.739999999999998,27.329999999999998,34
9,152.25,6.0300000000000002,18.239999999999998,34
10,148.05000000000001,0.89000000000000001,6.0300000000000002,34
11,140.69999999999999,0.35999999999999999,0.26000000000000001,34
12,134.40000000000001,0.23000000000000001,0,34
13,131.25,0,0,34
14,133.34999999999999,0,0,34
15,139.65000000000001,1.1100000000000001,0,34
16,150.15000000000001,2.5499999999999998,0,34
17,161.69999999999999,2.5800000000000001,0,34
18,168,3.0899999999999999,0,34
19,170.09999999999999,9.0700000000000003,0,34
20,158.55000000000001,27.73,0,34
21,138.59999999999999,36.590000000000003,0.54000000000000004,34
22,117.59999999999999,22.530000000000001,6.5899999999999999,34
23,103.95,7.21,15.19,34
0,87.400000000000006,6.7699999999999996,21.739999999999998,35
1,82.650000000000006,6.7699999999999996,19.609999999999999,35
2,78.849999999999994,10.609999999999999,21.329999999999998,35
3,76.950000000000003,15.779999999999999,31.539999999999999,35
4,77.900000000000006,12.77,22.27,35
5,84.549999999999997,14.039999999999999,17.32,35
6,97.849999999999994,16.489999999999998,13,35
7,115.90000000000001,18.32,9.1600000000000001,35
8,132.05000000000001,24.32,17.32,35
9,137.75,30.949999999999999,6.8700000000000001,35
10,133.94999999999999,38.479999999999997,0.75,35
11,127.3,52.07,0,35
12,121.59999999999999,50.43,0,35
13,118.75,36.859999999999999,0,35
14,120.65000000000001,38.340000000000003,0,35
15,126.34999999999999,48.340000000000003,0,35
16,135.84999999999999,51.57,0,35
17,146.30000000000001,50.43,0,35
18,152,57.729999999999997,0,35
19,153.90000000000001,71.450000000000003,0,35
20,143.44999999999999,46.93,0,35
21,125.40000000000001,22.719999999999999,0,35
22,106.40000000000001,22.920000000000002,3.5600000000000001,35
23,94.049999999999997,29.77,24.149999999999999,35
0,87.400000000000006,12.09,62.270000000000003,36
1,82.650000000000006,17.140000000000001,90.969999999999999,36
2,78.849999999999994,19.370000000000001,113.77,36
3,76.950000000000003,22.239999999999998,127.98999999999999,36
4,77.900000000000006,22.43,137.21000000000001,36
5,84.549999999999997,18.75,130.69,36
6,97.849999999999994,12.77,114.72,36
7,115.90000000000001,8.5199999999999996,90.739999999999995,36
8,132.05000000000001,6.6799999999999997,61.229999999999997,36
9,137.75,5.29,29.670000000000002,36
10,133.94999999999999,7.1200000000000001,4.1699999999999999,36
11,127.3,13.9,0,36
12,121.59999999999999,22.82,0,36
13,118.75,29.079999999999998,0,36
14,120.65000000000001,28.969999999999999,0,36
15,126.34999999999999,23.309999999999999,0,36
16,135.84999999999999,17.890000000000001,0,36
17,146.30000000000001,16.329999999999998,0,36
18,152,18.23,0,36
19,153.90000000000001,21.850000000000001,0,36
20,143.44999999999999,27.510000000000002,0,36
21,125.40000000000001,35.549999999999997,0,36
22,106.40000000000001,38.479999999999997,9.9600000000000009,36
23,94.049999999999997,25.039999999999999,40.799999999999997,36
0,92,27.510000000000002,59.299999999999997,37
1,87,55.460000000000001,88.659999999999997,37
2,83,58.090000000000003,108.11,37
3,81,55.109999999999999,123.03,37
4,82,52.899999999999999,108.08,37
5,89,55.109999999999999,93.260000000000005,37
6,103,49.939999999999998,22.59,37
7,122,30.829999999999998,13.41,37
8,139,23.02,8.75,37
9,145,27.07,4,37
10,141,49.780000000000001,0.47999999999999998,37
11,134,72.879999999999995,0,37
12,128,64.730000000000004,0,37
13,125,68.040000000000006,0,37
14,127,93.299999999999997,0,37
15,133,68.629999999999995,0,37
16,143,100,0,37
17,154,100,0,37
18,160,92.090000000000003,0,37
19,162,75.180000000000007,0,37
20,151,64.540000000000006,0,37
21,132,75.599999999999994,0,37
22,112,67.25,0.65000000000000002,37
23,99,55.799999999999997,5.75,37
0,96.599999999999994,2.9900000000000002,8.1400000000000006,38
1,91.349999999999994,1.3700000000000001,17.16,38
2,87.150000000000006,0.66000000000000003,28.960000000000001,38
3,85.049999999999997,0.69999999999999996,24.780000000000001,38
4,86.099999999999994,1,24.969999999999999,38
5,93.450000000000003,1.3200000000000001,31.149999999999999,38
6,108.15000000000001,1.8500000000000001,22.920000000000002,38
7,128.09999999999999,2.71,18.609999999999999,38
8,145.94999999999999,4.1299999999999999,9,38
9,152.25,5.6299999999999999,2.0699999999999998,38
10,148.05000000000001,7.9800000000000004,0,38
11,140.69999999999999,9.7100000000000009,0,38
12,134.40000000000001,8.4600000000000009,0,38
13,131.25,6.3499999999999996,0,38
14,133.34999999999999,4.3200000000000003,0,38
15,139.65000000000001,3.1499999999999999,0,38
16,150.15000000000001,2.7400000000000002,0,38
17,161.69999999999999,3.1499999999999999,0,38
18,168,4.25,0,38
19,170.09999999999999,5.3300000000000001,0,38
20,158.55000000000001,5,0,38
21,138.59999999999999,3.5600000000000001,0,38
22,117.59999999999999,2.1200000000000001,0.64000000000000001,38
23,103.95,0.51000000000000001,5.0899999999999999,38
0,87.400000000000006,50.75,51.649999999999999,39
1,82.650000000000006,56.850000000000001,83.890000000000001,39
2,78.849999999999994,47.869999999999997,109.44,39
3,76.950000000000003,42.57,119.22,39
4,77.900000000000006,44.189999999999998,105.92,39
5,84.549999999999997,47.399999999999999,117.43000000000001,39
6,97.849999999999994,47.549999999999997,103.68000000000001,39
7,115.90000000000001,45.850000000000001,77.959999999999994,39
8,132.05000000000001,42.859999999999999,48.439999999999998,39
9,137.75,34.259999999999998,26.940000000000001,39
10,133.94999999999999,23.41,9.6799999999999997,39
11,127.3,22.620000000000001,0.54000000000000004,39
12,121.59999999999999,26.739999999999998,0,39
13,118.75,28.059999999999999,0,39
14,120.65000000000001,27.84,0,39
15,126.34999999999999,28.510000000000002,0,39
16,135.84999999999999,46.93,0,39
17,146.30000000000001,50.100000000000001,0,39
18,152,48.659999999999997,0,39
19,153.90000000000001,44.490000000000002,0,39
20,143.44999999999999,31.91,0,39
21,125.40000000000001,24.629999999999999,0.81000000000000005,39
22,106.40000000000001,22.239999999999998,12.82,39
23,94.049999999999997,22.039999999999999,35.310000000000002,39
0,87.400000000000006,3.4900000000000002,19.66,40
1,82.650000000000006,0.73999999999999999,42.399999999999999,40
2,78.849999999999994,1.79,62.950000000000003,40
3,76.950000000000003,0.62,77.019999999999996,40
4,77.900000000000006,0.10000000000000001,83.900000000000006,40
5,84.549999999999997,0.22,78.219999999999999,40
6,97.849999999999994,0.46999999999999997,62.109999999999999,40
7,115.90000000000001,0.68000000000000005,39.5,40
8,132.05000000000001,0.84999999999999998,14.960000000000001,40
9,137.75,1.4399999999999999,0.66000000000000003,40
10,133.94999999999999,2.23,0,40
11,127.3,3.02,0,40
12,121.59999999999999,2.71,0,40
13,118.75,1.51,0,40
14,120.65000000000001,0.27000000000000002,0,40
15,126.34999999999999,0,0,40
16,135.84999999999999,0,0,40
17,146.30000000000001,0,0,40
18,152,0,0,40
19,153.90000000000001,0,0,40
20,143.44999999999999,0,0,40
21,125.40000000000001,0,0,40
22,106.40000000000001,0,0,40
23,94.049999999999997,0,2.4100000000000001,40
0,92,0,21.129999999999999,41
1,87,0,27.510000000000002,41
2,83,0,47.079999999999998,41
3,81,0.029999999999999999,49.450000000000003,41
4,82,0.29999999999999999,42.399999999999999,41
5,89,1.04,60.090000000000003,41
6,103,1.9299999999999999,63.420000000000002,41
7,122,2.0899999999999999,53.530000000000001,41
8,139,1.1299999999999999,45.420000000000002,41
9,145,0.66000000000000003,24.640000000000001,41
10,141,1.04,8.1300000000000008,41
11,134,0.93000000000000005,0.52000000000000002,41
12,128,0,0,41
13,125,0,0,41
14,127,0,0,41
15,133,0,0,41
16,143,0,0,41
17,154,0,0,41
18,160,0,0,41
19,162,0,0,41
20,151,0,0,41
21,132,0,1,41
22,112,0,12.039999999999999,41
23,99,0,32.700000000000003,41
0,87.400000000000006,0.81000000000000005,4.2999999999999998,42
1,82.650000000000006,0.71999999999999997,9.3399999999999999,42
2,78.849999999999994,2.5499999999999998,13.789999999999999,42
3,76.950000000000003,3.6600000000000001,19.68,42
4,77.900000000000006,4.5199999999999996,26.690000000000001,42
5,84.549999999999997,5.2400000000000002,29.809999999999999,42
6,97.849999999999994,6.1699999999999999,15.050000000000001,42
7,115.90000000000001,8.1899999999999995,10.84,42
8,132.05000000000001,10.550000000000001,5.8600000000000003,42
9,137.75,12.42,0.51000000000000001,42
10,133.94999999999999,17.390000000000001,0,42
11,127.3,21.100000000000001,0,42
12,121.59999999999999,20.91,0,42
13,118.75,18.399999999999999,0,42
14,120.65000000000001,15.01,0,42
15,126.34999999999999,12.83,0,42
16,135.84999999999999,11.369999999999999,0,42
17,146.30000000000001,7.9299999999999997,0,42
18,152,4.8300000000000001,0,42
19,153.90000000000001,2.8900000000000001,0,42
20,143.44999999999999,2.2000000000000002,0,42
21,125.40000000000001,3.0499999999999998,0,42
22,106.40000000000001,4.6299999999999999,0,42
23,94.049999999999997,6.1200000000000001,0.32000000000000001,42
0,96.599999999999994,10.67,4.6399999999999997,43
1,91.349999999999994,10.18,3.0800000000000001,43
2,87.150000000000006,17.059999999999999,4.4100000000000001,43
3,85.049999999999997,25.149999999999999,5.79,43
4,86.099999999999994,44.039999999999999,6.8899999999999997,43
5,93.450000000000003,72.260000000000005,9.9199999999999999,43
6,108.15000000000001,85.280000000000001,5.5700000000000003,43
7,128.09999999999999,94.269999999999996,3.6299999999999999,43
8,145.94999999999999,100,1.54,43
9,152.25,75.599999999999994,0.20000000000000001,43
10,148.05000000000001,53.579999999999998,0,43
11,140.69999999999999,51.409999999999997,0,43
12,134.40000000000001,39.719999999999999,0,43
13,131.25,19.899999999999999,0,43
14,133.34999999999999,12.699999999999999,0,43
15,139.65000000000001,14.710000000000001,0,43
16,150.15000000000001,16.329999999999998,0,43
17,161.69999999999999,15.94,0,43
18,168,14.109999999999999,0,43
19,170.09999999999999,11.369999999999999,0,43
20,158.55000000000001,6.5800000000000001,0,43
21,138.59999999999999,2.04,0,43
22,117.59999999999999,0,0,43
23,103.95,0,17.5,43
0,92,0,43.729999999999997,44
1,87,0.13,70.939999999999998,44
2,83,1.22,91.420000000000002,44
3,81,1.3400000000000001,101.84999999999999,44
4,82,0.87,105.83,44
5,89,0.14999999999999999,91.900000000000006,44
6,103,0,75.269999999999996,44
7,122,0,47.020000000000003,44
8,139,0,22.449999999999999,44
9,145,0,3.4700000000000002,44
10,141,0.25,0,44
11,134,1.04,0,44
12,128,2.04,0,44
13,125,2.71,0,44
14,127,3.8799999999999999,0,44
15,133,5.29,0,44
16,143,5.8099999999999996,0,44
17,154,4.0199999999999996,0,44
18,160,1.9299999999999999,0,44
19,162,1.29,0,44
20,151,2.6800000000000002,0,44
21,132,3.9500000000000002,0,44
22,112,3.4900000000000002,1.1000000000000001,44
23,99,1.8200000000000001,8.9299999999999997,44
0,92,4.4800000000000004,22.100000000000001,45
1,87,1.6100000000000001,47.920000000000002,45
2,83,1.3200000000000001,70.260000000000005,45
3,81,3.02,85.810000000000002,45
4,82,3.77,82.900000000000006,45
5,89,6.4000000000000004,74.420000000000002,45
6,103,14.109999999999999,61.189999999999998,45
7,122,24.84,40.590000000000003,45
8,139,30.120000000000001,16.510000000000002,45
9,145,41.700000000000003,1.01,45
10,141,51.57,0,45
11,134,47.549999999999997,0,45
12,128,37.799999999999997,0,45
13,125,29.66,0,45
14,127,24.120000000000001,0,45
15,133,22.239999999999998,0,45
16,143,20.91,0,45
17,154,18.579999999999998,0,45
18,160,14.56,0,45
19,162,10.67,0,45
20,151,8.1899999999999995,0,45
21,132,6.2999999999999998,0,45
22,112,4.4400000000000004,0,45
23,99,3.3199999999999998,1.72,45
0,87.400000000000006,67.450000000000003,31.620000000000001,46
1,82.650000000000006,85.510000000000005,47.719999999999999,46
2,78.849999999999994,93.299999999999997,63.509999999999998,46
3,76.950000000000003,83.459999999999994,56.229999999999997,46
4,77.900000000000006,65.5,57.659999999999997,46
5,84.549999999999997,46.780000000000001,39.850000000000001,46
6,97.849999999999994,30.949999999999999,25.719999999999999,46
7,115.90000000000001,17.390000000000001,25.02,46
8,132.05000000000001,7.21,26.829999999999998,46
9,137.75,2.4300000000000002,15.32,46
10,133.94999999999999,0,2.4900000000000002,46
11,127.3,0,0,46
12,121.59999999999999,0,0,46
13,118.75,0,0,46
14,120.65000000000001,1.0900000000000001,0,46
15,126.34999999999999,0,0,46
16,135.84999999999999,0,0,46
17,146.30000000000001,0,0,46
18,152,7.4199999999999999,0,46
19,153.90000000000001,45.240000000000002,0,46
20,143.44999999999999,91.370000000000005,0,46
21,125.40000000000001,57.030000000000001,0.29999999999999999,46
22,106.40000000000001,30.239999999999998,8.3000000000000007,46
23,94.049999999999997,24.84,29.41,46
0,92,20.539999999999999,51.950000000000003,47
1,87,17.059999999999999,76.760000000000005,47
2,83,16.649999999999999,99.519999999999996,47
3,81,19.190000000000001,114.84999999999999,47
4,82,20.260000000000002,110.39,47
5,89,20.170000000000002,98.700000000000003,47
6,103,20.359999999999999,88.439999999999998,47
7,122,13.32,59.829999999999998,47
8,139,7.0199999999999996,38.630000000000003,47
9,145,17.23,19.109999999999999,47
10,141,21.469999999999999,3.77,47
11,134,26.629999999999999,0,47
12,128,34.140000000000001,0,47
13,125,31.66,0,47
14,127,30.829999999999998,0,47
15,133,18.75,0,47
16,143,20.170000000000002,0,47
17,154,26.199999999999999,0,47
18,160,34.899999999999999,0,47
19,162,14.48,0,47
20,151,12.02,0,47
21,132,31.66,0.26000000000000001,47
22,112,30.59,6.1500000000000004,47
23,99,23.809999999999999,16.27,47
