N,seed,renewable_available_MWh,renewable_used_MWh,curtailment_MWh,total_load_MWh,thermal_generation_MWh,unserved_MWh,total_cost_CNY,renewable_utilization_pct,curtailment_rate_pct,load_input_MWh,load_relative_error,wind_input_MWh,wind_relative_error,solar_input_MWh,solar_relative_error,max_input_relative_error,load_signed_relative_error,wind_signed_relative_error,solar_signed_relative_error,worst_error_pp,cost_error_CNY,unserved_error_MWh,control_max_difference,repeat_max_difference,lower_bound_count,upper_bound_count,max_weight_ratio,effective_sample_size,seconds,control_renewable_available_MWh,control_renewable_used_MWh,control_curtailment_MWh,control_total_load_MWh,control_thermal_generation_MWh,control_unserved_MWh,control_total_cost_CNY,control_renewable_utilization_pct,control_curtailment_rate_pct,control_load_input_MWh,control_load_relative_error,control_wind_input_MWh,control_wind_relative_error,control_solar_input_MWh,control_solar_relative_error,control_max_input_relative_error
12,42,301349.64615283947,234424.97356161044,66924.672591229042,1067334.1671138003,779853.02455257636,55778.987821507289,848796413.53656578,77.791687016852848,22.208312983147149,1067334.1671138003,0.00020650760378157767,98861.470137832774,0.00020650760384157102,202488.17601500667,0.00020650760377885087,0.00020650760384157102,0.00020650760378157767,-0.00020650760384157102,-0.00020650760377885087,1.5623113683338694,40228685.409463763,3894.0853715110788,0,0,2,3,2,7.4994958361107473,5.4073085999989416,270923.82999999996,216451.38310856296,54472.446891437015,1071792.2000000002,796101.59593434306,61886.193649995948,913058006.03624928,79.893814844033102,20.106185155966909,1071792.2000000002,0.0043841622140020492,76929.449999999997,0.2220066788771938,193994.37999999998,0.042144966177850317,0.2220066788771938
24,42,301411.58858809504,239543.94616526048,61867.642422834542,1067112.7328861947,774506.79411983781,55712.561506232887,845242875.94997942,79.474033260419191,20.525966739580813,1067112.7328861947,1.0000000049942443e-06,98881.791118102672,1.0000000741022824e-06,202529.79746999239,1.0000000375533192e-06,1.0000000741022824e-06,-1.0000000049942443e-06,-1.0000000741022824e-06,-1.0000000375533192e-06,0.12003487523250556,36675147.822877407,3827.6590562366764,0,0,3,3,2,13.058775028620959,11.272230300000956,287740.10999999999,227555.44380092536,60184.666199074585,1056733.6000000001,780458.72346383892,51409.790949996175,803965433.47499764,79.08367165110397,20.91632834889602,1056733.6000000001,0.0097273599123167114,84526.670000000013,0.1451754208986093,203213.44000000003,0.0033745124179135506,0.1451754208986093
48,42,301411.58868151298,237795.22475985973,63616.363921653203,1067112.7328861631,780782.19852456078,51365.260757373413,804332608.65983438,78.893856006023185,21.106143993976797,1067112.7328861631,1.0000000346677128e-06,98881.791118109439,1.0000000056707367e-06,202529.7975634035,9.9953881649342116e-07,1.0000000346677128e-06,-1.0000000346677128e-06,-1.0000000056707367e-06,-9.9953881649342116e-07,0.46014237916351775,-4235119.4672676325,-519.64169262279756,0,0,0,1,2,26.106641547453073,24.332323399998131,291300.28000000003,231196.70575770445,60103.574242295545,1063312.6000000001,783746.52423479874,51191.022274996256,802924411.71964252,79.367141616789525,20.632858383210461,1063312.6000000001,0.0035621317988765145,91837.940000000002,0.071235996803863652,199462.34,0.015146694316891342,0.071235996803863652
12,7,301246.40876074811,236858.04694889855,64388.361811849507,1067699.6671137998,781542.73312288453,52012.374776455581,811213555.20604455,78.626015136005421,21.373984863994568,1067699.6671137998,0.00054902027675004118,98827.601837390786,0.00054902027670803051,202418.80692335725,0.00054902027671334625,0.00054902027675004118,0.00054902027675004118,-0.00054902027670803051,-0.00054902027671334625,0.72798324918128898,2645827.0789425373,127.47232645937038,0,0,3,0,1.9999997666740001,7.0205836192847828,5.8059118000019225,288736.12,229803.76504584117,58932.354954158815,1072523.2000000002,790797.53773535148,54564.748774996187,838878737.05982757,79.589545307265738,20.410454692734255,1072523.2000000002,0.0050691875599398481,94207.029999999999,0.047277211226444002,194529.09,0.039504814101614591,0.047277211226444002
24,7,301411.99260276172,243587.85550655078,57824.137096210936,1067114.8671137656,776633.0061196282,49689.500845992377,784961157.46926105,80.815581823109881,19.184418176890123,1067114.8671137656,9.9999996768422172e-07,98881.791118104331,1.0000000573255163e-06,202530.20148465742,9.9483857905784733e-07,1.0000000573255163e-06,9.9999996768422172e-07,-1.0000000573255163e-06,9.9483857905784733e-07,1.4615834379231956,-23606570.657840967,-2195.4016040038332,0,0,1,1,2.0000000000000004,14.941281102614683,11.911920000002283,279990.56,225003.71811897113,54986.841881028886,1069306.7999999998,789473.97195173753,57601.085599996004,868001706.92871428,80.361180076560842,19.638819923439165,1069306.7999999998,0.0020550760378131808,82238.670000000013,0.16831413719944052,197751.88999999998,0.023592109810892287,0.16831413719944052
48,7,301411.588588126,238063.79352107298,63347.795067053048,1067114.8671137732,777905.85867511109,53982.562227814284,829445875.26442814,78.98295969183296,21.01704030816704,1067114.8671137732,9.9999997488440157e-07,98881.79111811718,9.999999273791616e-07,202529.79747000884,9.9999995636206763e-07,9.9999997488440157e-07,9.9999997488440157e-07,-9.999999273791616e-07,-9.9999995636206763e-07,0.37103869335376061,20878147.137326121,2097.6597778180731,0,0,0,1,2,23.199336658147097,24.727806099999725,290273.23999999999,230119.85788133269,60153.382118667279,1065798,782983.28059495392,55533.093849996199,846089488.48923242,79.276979814375139,20.723020185624854,1065798,0.0012330456226880831,88694,0.10303089878237562,201579.24000000002,0.0046944156421269943,0.10303089878237562
12,2026,301411.59099818382,237663.69272069904,63747.898277484797,1067112.7328862539,779748.24421916238,52264.721497181425,812967014.50082004,78.850216719811257,21.149783280188753,1067112.7328862539,9.9999994957467848e-07,98881.79111809902,1.0000001110406007e-06,202529.79988008487,9.8810010925437499e-07,1.0000001110406007e-06,-9.9999994957467848e-07,-1.0000001110406007e-06,-9.8810010925437499e-07,0.50378166537547386,4399286.3737180233,379.819047185214,0,0,1,1,1.9999999999999998,7.7519033916568247,5.9386766000025091,283296.89000000001,226479.47463607762,56817.415363922351,1064043.5999999999,785839.28341482417,54269.372149996321,833757492.85158169,79.944214931578529,20.055785068421454,1064043.5999999999,0.0028771064529389333,82825.610000000001,0.16237836877915662,200471.28000000003,0.010165012590727161,0.16237836877915662
24,2026,301411.58858810738,239923.04055513986,61488.548032967505,1067114.8671137737,778341.85364813847,51608.502524141957,805478731.37209749,79.599806257949027,20.400193742050973,1067114.8671137737,9.9999997532077601e-07,98881.791118109293,1.0000000071423827e-06,202529.79746999807,1.0000000095315599e-06,1.0000000095315599e-06,9.9999997532077601e-07,-1.0000000071423827e-06,-1.0000000095315599e-06,0.24580787276234162,-3088996.7550045252,-276.39992585425352,0,0,1,1,2,14.271108485458242,12.599726500000543,286412.7300000001,229400.08321498346,57012.646785016579,1070184,785650.85861216264,57817.352149996303,869223327.56338787,80.094234364158112,19.90576563584187,1070184,0.0028771064529387151,88518.670000000013,0.10480402427583035,197894.05999999997,0.022890139732385482,0.10480402427583035
48,2026,301411.58858811395,236764.19071730497,64647.397870808993,1067112.7328861733,781930.45419753389,51258.261446552664,803871658.04683757,78.551787549498911,21.448212450501092,1067112.7328861733,1.0000000250674729e-06,98881.79111811117,9.9999998815814753e-07,202529.79747000278,9.9999998625194435e-07,1.0000000250674729e-06,-1.0000000250674729e-06,-9.9999998815814753e-07,-9.9999998625194435e-07,0.80221083568781282,-4696070.0802644491,-626.64100344354665,0,0,0,0,1.5861003423107034,25.704034613506149,24.414400300000125,294128.06000000006,232712.13054718322,61415.929452816767,1064920.8,783874.33511490957,51161.745749996015,802939384.40983367,79.119323245522096,20.880676754477882,1064920.8,0.002055076037813399,95692.910000000003,0.032250394890307982,198435.14999999999,0.020218486150199999,0.032250394890307982
