cluster,day,date_UTC,days,weight,distance,effective_days,effective_probability,repeat_days
0,43,2023-02-13,3,0.00821917808219178,0.4218722805673667,3.0000000000003002,0.008219178082192604,3.0000000000003002
1,211,2023-07-31,10,0.027397260273972601,0.25048360884497012,10,0.027397260273972601,10
2,1,2023-01-02,12,0.03287671232876712,0.2588688896215397,11.999990547020001,0.032876686430191787,11.999990547020001
3,63,2023-03-05,20,0.054794520547945202,0.23592967331389247,19.999999999999996,0.054794520547945195,19.999999999999996
4,12,2023-01-13,3,0.00821917808219178,0.64843830941047209,4.0937510452463481,0.01121575628834616,4.0937510452463481
5,31,2023-02-01,4,0.010958904109589041,0.50244401242825054,3.9999999999999996,0.010958904109589039,3.9999999999999996
6,302,2023-10-30,15,0.041095890410958902,0.27844707839491989,14.999999999999249,0.041095890410956848,14.999999999999249
7,187,2023-07-07,2,0.0054794520547945206,0.56872409391549417,1.9999999999999998,0.0054794520547945197,1.9999999999999998
8,179,2023-06-29,2,0.0054794520547945206,0.42294520035106198,1.9999999999999998,0.0054794520547945197,1.9999999999999998
9,7,2023-01-08,20,0.054794520547945202,0.20485350857380996,19.999997801690007,0.054794514525178105,19.999997801690007
10,13,2023-01-14,1,0.0027397260273972603,1.5174616930117179e-16,0.99999999999999989,0.0027397260273972599,0.99999999999999989
11,183,2023-07-03,5,0.013698630136986301,0.48466979811001221,5,0.013698630136986301,5
12,228,2023-08-17,18,0.049315068493150684,0.23657070635422775,9.0000156183039994,0.024657577036449312,9.0000156183039994
13,363,2023-12-30,22,0.060273972602739728,0.24765873326244131,14.909888662220899,0.040849010033481917,14.909888662220899
14,106,2023-04-17,4,0.010958904109589041,0.50275648242961513,8,0.021917808219178082,8
15,91,2023-04-02,1,0.0027397260273972603,1.1147201318367002e-16,1,0.0027397260273972603,1
16,238,2023-08-27,4,0.010958904109589041,0.51667725479742188,4,0.010958904109589041,4
17,165,2023-06-15,12,0.03287671232876712,0.25171792965760531,12.00000000000048,0.032876712328768438,12.00000000000048
18,105,2023-04-16,8,0.021917808219178082,0.46455414781271731,8,0.021917808219178082,8
19,86,2023-03-28,18,0.049315068493150684,0.17832271818528245,17.999999999998554,0.049315068493146721,17.999999999998554
20,348,2023-12-15,1,0.0027397260273972603,7.4492185175800307e-17,0.99999999999999989,0.0027397260273972599,0.99999999999999989
21,152,2023-06-02,2,0.0054794520547945206,0.50486432583417884,2,0.0054794520547945206,2
22,94,2023-04-05,8,0.021917808219178082,0.45785103370255703,7.9999999999999991,0.021917808219178079,7.9999999999999991
23,104,2023-04-15,3,0.00821917808219178,0.60394323960672547,3.0000000000002998,0.0082191780821926023,3.0000000000002998
24,125,2023-05-06,3,0.00821917808219178,0.44926407849083833,3.8359458040207706,0.010509440558961015,3.8359458040207706
25,315,2023-11-12,4,0.010958904109589041,0.41954555026838264,3.9999999999999991,0.010958904109589039,3.9999999999999991
26,92,2023-04-03,2,0.0054794520547945206,0.86883253277026862,1.9999999999999998,0.0054794520547945197,1.9999999999999998
27,345,2023-12-12,5,0.013698630136986301,0.3629951167715621,4.9999999999999991,0.013698630136986299,4.9999999999999991
28,196,2023-07-16,12,0.03287671232876712,0.19785845196475407,12.000000000000481,0.032876712328768445,12.000000000000481
29,332,2023-11-29,1,0.0027397260273972603,1.4304896245381992e-17,1,0.0027397260273972603,1
30,259,2023-09-17,16,0.043835616438356165,0.302379447505014,15.999999999999998,0.043835616438356158,15.999999999999998
31,188,2023-07-08,5,0.013698630136986301,0.25991118098304272,5,0.013698630136986301,5
32,262,2023-09-20,4,0.010958904109589041,0.34350298124616047,4,0.010958904109589041,4
33,316,2023-11-13,16,0.043835616438356165,0.21328695486875773,15.999999999999998,0.043835616438356158,15.999999999999998
34,352,2023-12-19,10,0.027397260273972601,0.38176837663693419,10,0.027397260273972601,10
35,123,2023-05-04,1,0.0027397260273972603,1.1123893155135927e-16,0.99999999999999989,0.0027397260273972599,0.99999999999999989
36,186,2023-07-06,1,0.0027397260273972603,1.9229626863835638e-16,0.99999999999999989,0.0027397260273972599,0.99999999999999989
37,70,2023-03-12,1,0.0027397260273972603,1.1107649934270853e-17,1,0.0027397260273972603,1
38,27,2023-01-28,19,0.052054794520547946,0.21852461051712707,18.999999999999432,0.052054794520546385,18.999999999999432
39,275,2023-10-03,22,0.060273972602739728,0.17501788875511409,21.999999999997797,0.060273972602733691,21.999999999997797
40,112,2023-04-23,4,0.010958904109589041,0.2859749409913393,3.9999999999999996,0.010958904109589039,3.9999999999999996
41,206,2023-07-26,19,0.052054794520547946,0.18770179014106572,29.16041052150192,0.079891535675347722,29.16041052150192
42,74,2023-03-16,1,0.0027397260273972603,4.3126722361490171e-17,1,0.0027397260273972603,1
43,140,2023-05-21,1,0.0027397260273972603,1.5473354173400268e-17,1,0.0027397260273972603,1
44,289,2023-10-17,13,0.035616438356164383,0.32833567584943146,12.999999999999481,0.03561643835616296,12.999999999999481
45,343,2023-12-10,1,0.0027397260273972603,6.7386806549951076e-17,0.99999999999999989,0.0027397260273972599,0.99999999999999989
46,333,2023-11-30,4,0.010958904109589041,0.31185341207849554,4.0000000000000009,0.010958904109589043,4.0000000000000009
47,308,2023-11-05,2,0.0054794520547945206,0.57610829494115068,2,0.0054794520547945206,2
