cluster,day,date_UTC,c,w
0,344,2023-12-11,3,3
1,163,2023-06-13,10,10
2,1,2023-01-02,12,11.999962686864313
3,127,2023-05-08,20,10
4,347,2023-12-14,3,3
5,31,2023-02-01,4,4
6,209,2023-07-29,15,15
7,187,2023-07-07,2,3.7632181280858594
8,179,2023-06-29,2,2
9,298,2023-10-26,20,20
10,13,2023-01-14,1,2
11,189,2023-07-09,5,5
12,228,2023-08-17,18,24.090332561672724
13,33,2023-02-03,22,22
14,106,2023-04-17,4,8
15,91,2023-04-02,1,1
16,93,2023-04-04,4,4
17,253,2023-09-11,12,11.548857988301332
18,105,2023-04-16,8,7.9999999974600087
19,173,2023-06-23,18,20.620262246444664
20,348,2023-12-15,1,1
21,152,2023-06-02,2,2
22,134,2023-05-15,8,4
23,110,2023-04-21,3,3
24,125,2023-05-06,3,3
25,354,2023-12-21,4,7.9999997110400125
26,92,2023-04-03,2,2
27,345,2023-12-12,5,5
28,194,2023-07-14,12,6
29,332,2023-11-29,1,1
30,260,2023-09-18,16,9.4773678519299533
31,239,2023-08-28,5,5
32,51,2023-02-21,4,4
33,37,2023-02-07,16,16
34,352,2023-12-19,10,5
35,123,2023-05-04,1,1
36,186,2023-07-06,1,1
37,70,2023-03-12,1,1
38,45,2023-02-15,19,37.999998828201143
39,275,2023-10-03,22,22
40,25,2023-01-26,4,4
41,242,2023-08-31,19,19
42,74,2023-03-16,1,1
43,140,2023-05-21,1,1
44,154,2023-06-04,13,6.5
45,343,2023-12-10,1,1
46,75,2023-03-17,4,4
47,308,2023-11-05,2,2
