renewable_available_MWh,renewable_used_MWh,curtailment_MWh,total_load_MWh,thermal_generation_MWh,unserved_MWh,discharge_MWh,total_cost_CNY,thermal_cost_CNY,curtailment_cost_CNY,load_shedding_cost_CNY,storage_variable_om_CNY,storage_investment_allocated_CNY,storage_fixed_om_CNY
1091.6099999999999,978.19113552629835,113.41886447370167,2924,1938.4200026856754,16.229999999989364,81.837202423851167,876361.49360995833,678447.00093998644,22683.772894740334,162299.99999989363,818.3720242385117,10030.155970277498,2082.1917808219177
714.05000000000007,644.06624999999121,69.983750000008797,2924,2118.8921052631526,168.69949999998929,70.884250000024835,2455425.1770930979,741612.23684210342,13996.750000001759,1686994.9999998929,708.84250000024838,10030.155970277498,2082.1917808219177
302.55000000000001,302.55000000000001,0,2924,2479.6142105263157,146.58639999998459,43.973600000015402,2346281.0574351558,867864.97368421045,0,1465863.9999998459,439.73600000015404,10030.155970277498,2082.1917808219177
907.20000000000005,612.91709724999384,294.28290275000614,2777.8000000000002,2100.3547552631348,76.339999999989388,109.33535275002443,1570586.446170592,735124.16434209724,58856.580550001228,763399.99999989383,1093.3535275002444,10030.155970277498,2082.1917808219177
1520.77,1473.7384999999977,47.031500000002438,2777.8000000000002,1306.4599999999946,0,22.201500000007773,479001.66275109811,457260.99999999808,9406.3000000004868,0,222.01500000007772,10030.155970277498,2082.1917808219177
1099.77,1078.7042105263158,21.06578947368423,2924,1825.1399239228101,25.279999999989371,47.431090670187132,908398.78992541542,638798.97337298351,4213.1578947368462,252799.99999989371,474.31090670187132,10030.155970277498,2082.1917808219177
708.62,562.00632499998642,146.6136750000135,3070.1999999999998,2240.0621052631527,277.20999999998935,84.033675000029433,3598397.1563430992,784021.73684210342,29322.7350000027,2772099.9999998934,840.33675000029439,10030.155970277498,2082.1917808219177
1584.6600000000001,965.85409972296839,618.80590027703147,2924,1907.6985041551213,61.119999999989389,98.790000000010664,1415755.9042606922,667694.47645429242,123761.18005540629,611199.99999989395,987.90000000010662,10030.155970277498,2082.1917808219177
1102.74,716.40409972296834,386.33590027703156,3070.1999999999998,2123.9821052631578,239.5799999999893,90.400000000010635,3229477.2646485041,743393.73684210528,77267.180055406308,2395799.9999998929,904.00000000010641,10030.155970277498,2082.1917808219177
566.21000000000004,449.2995999999884,116.91040000001163,2924,2260.5221052631523,222.69999999998939,78.880400000027592,3054465.9685930992,791182.7368421033,23382.080000002326,2226999.9999998938,788.80400000027589,10030.155970277498,2082.1917808219177
2431.23,2077.0240997229685,354.20590027703156,2924,856.08669999999142,0,84.333300000008521,383427.20580650278,299630.344999997,70841.180055406308,0,843.33300000008524,10030.155970277498,2082.1917808219177
1273.8399999999999,915.72554016618415,358.11445983381583,2777.8000000000002,1869.9090304709075,0,72.520000000005325,738928.60038268031,654468.16066481767,71622.891966763171,0,725.20000000005325,10030.155970277498,2082.1917808219177
949.47000000000003,587.93094999997857,361.5390500000214,2777.8000000000002,2073.3921052631576,126.47187499998898,92.517175000032353,2075751.3163430989,725687.23684210517,72307.810000004276,1264718.7499998899,925.17175000032353,10030.155970277498,2082.1917808219177
453.80000000000001,423.01451052630972,30.785489473690291,2777.8000000000002,2235.6721052631528,126.02187499998897,63.947825000022412,2061612.9107378309,782485.23684210354,6157.0978947380581,1260218.7499998896,639.47825000022408,10030.155970277498,2082.1917808219177
2021.1900000000001,1049.4940997229685,971.69590027703157,2924,1833.8493351800494,52.079999999989383,105.74000000001067,1370156.1951194168,641847.26731301728,194339.18005540632,520799.99999989383,1057.4000000001067,10030.155970277498,2082.1917808219177
2118.9299999999998,1587.7129374999906,531.21706250000943,2924,1343.9571052631418,0,70.99706250002005,589450.71771820111,470384.98684209964,106243.41250000188,0,709.97062500020047,10030.155970277498,2082.1917808219177
1051.1100000000001,1051.1100000000001,0,2924,1875.3242105263157,0.84999999998937403,30.400000000010643,677279.82143520366,656363.47368421045,0,8499.9999998937401,304.00000000010641,10030.155970277498,2082.1917808219177
729.25999999999999,593.49832499998649,135.7616750000135,2777.8000000000002,2090.5421052631577,101.19999999998936,68.871675000024112,1783643.136343101,731689.73684210517,27152.335000002699,1011999.9999998936,688.71675000024106,10030.155970277498,2082.1917808219177
1485.55,969.25409972296848,516.29590027703159,2777.8000000000002,1815.038476454286,5.3899999999894055,109.99000000001064,805634.89456539997,635263.46675900009,103259.18005540632,53899.999999894055,1099.9000000001065,10030.155970277498,2082.1917808219177
447.81999999999994,440.63421052631577,7.1857894736842098,3070.1999999999998,2306.5821052631527,327.90999999998928,45.60000000001596,4100409.2424878329,807303.73684210342,1437.1578947368421,3279099.9999998929,456.00000000015962,10030.155970277498,2082.1917808219177
1624.05,1284.1840997229683,339.86590027703159,2777.8000000000002,1502.9074882271368,0,86.006750000000849,606963.21618600353,526017.62087949784,67973.180055406323,0,860.06750000000852,10030.155970277498,2082.1917808219177
1151.9099999999999,1151.9099999999999,0,3070.1999999999998,1922.6428645429207,0,40.291900000001959,685440.26934112166,672925.00259002228,0,0,402.91900000001959,10030.155970277498,2082.1917808219177
1164.28,739.48210526313892,424.79789473686105,2924,2119.6176454293582,75.399999999989376,97.190000000029599,1593910.002598641,741866.17590027535,84959.578947372211,753999.99999989371,971.90000000029602,10030.155970277498,2082.1917808219177
1640.3499999999999,1340.6955401661894,299.65445983381056,3070.1999999999998,1738.7002493074622,0,85.120000000005334,681439.52697547339,608545.0872576118,59930.891966762116,0,851.20000000005336,10030.155970277498,2082.1917808219177
1278.49,1278.49,0,3070.1999999999998,1792.0543152454768,0,3.1871231696820979,639363.22931871307,627219.01033591689,0,0,31.871231696820978,10030.155970277498,2082.1917808219177
1076.73,889.21421052629785,187.51578947370217,2777.8000000000002,1886.1683102493046,12.039999999989369,89.070000000028585,831065.11423299043,660158.90858725656,37503.157894740434,120399.9999998937,890.70000000028585,10030.155970277498,2082.1917808219177
1813.2600000000002,1539.234974999983,274.02502500001691,3070.1999999999998,1539.6093429697648,0,80.015353515134478,606580.77632567182,538863.27003941766,54805.005000003381,0,800.15353515134484,10030.155970277498,2082.1917808219177
436.56,436.55999999999995,0,2777.8000000000002,2281.9242105263156,63.03582499998798,34.434175000012054,1441488.4131851899,798673.47368421045,0,630358.24999987986,344.34175000012056,10030.155970277498,2082.1917808219177
620.85000000000002,610.35764802631661,10.492351973683459,2924,2169.9717927631505,149.35737499998837,52.63950000001843,2267801.0906128227,759490.1274671026,2098.4703947366916,1493573.7499998836,526.39500000018427,10030.155970277498,2082.1917808219177
1734.3000000000002,1460.1942105263031,274.10578947369686,3070.1999999999998,1617.6521052631524,1.1799999999893585,81.700000000028609,645728.74248783605,566178.2368421033,54821.157894739372,11799.999999893584,817.00000000028604,10030.155970277498,2082.1917808219177
983.53999999999996,723.25219016620088,260.28780983379909,2924,2112.5921302631327,99.989999999989379,109.54332500002435,1804572.5885598497,739407.24559209647,52057.561966759815,999899.99999989383,1095.4332500002436,10030.155970277498,2082.1917808219177
862.58999999999992,730.4336249999875,132.1563750000125,3070.1999999999998,2165.0221052631578,181.97799999998907,66.958375000023423,2616750.9433430978,757757.73684210517,26431.275000002501,1819779.9999998906,669.5837500002342,10030.155970277498,2082.1917808219177
683.28999999999996,683.28999999999996,0,2924,2163.5542105263157,80.439999999989354,30.400000000010643,1574060.3214352035,757243.97368421056,0,804399.99999989348,304.00000000010641,10030.155970277498,2082.1917808219177
259.13,259.13,0,2924,2413.484210526316,254.66999999998936,30.400000000010643,3403835.8214352033,844719.47368421056,0,2546699.9999998934,304.00000000010641,10030.155970277498,2082.1917808219177
681.82999999999993,676.12647302632035,5.7035269736797174,2924,2198.5913157894524,57.579999999989397,76.807737500022085,1359328.0910470379,769506.96052630839,1140.7053947359434,575799.99999989395,768.07737500022085,10030.155970277498,2082.1917808219177
1187.1900000000001,771.48343490303159,415.70656509696846,2777.8000000000002,1953.1295567867016,61.51477499998883,77.085225000012201,1394767.6078957273,683595.34487534559,83141.313019393696,615147.74999988836,770.85225000012201,10030.155970277498,2082.1917808219177
2292.0299999999997,1466.1862049861263,825.84379501387366,2777.8000000000002,1321.3799999999894,0,90.400000000010635,640668.1067538705,462482.99999999627,165168.75900277472,0,904.00000000010641,10030.155970277498,2082.1917808219177
1943.5999999999999,935.15210526313263,1008.4478947368674,2924,1882.0227700831003,118.50999999998935,108.16000000003592,2058691.4962274518,658707.96952908509,201689.57894737349,1185099.9999998934,1081.6000000003592,10030.155970277498,2082.1917808219177
716.64999999999998,505.02554016618944,211.62445983381059,2777.8000000000002,2170.0621052631527,112.081874999989,86.728125000016348,1935645.007809855,759521.73684210342,42324.891966762116,1120818.7499998899,867.28125000016348,10030.155970277498,2082.1917808219177
282.48000000000002,282.48000000000002,0,3070.1999999999998,2513.5342105263157,277.46999999998934,30.400000000010639,3666853.3214352033,879736.97368421056,0,2774699.9999998934,304.00000000010641,10030.155970277498,2082.1917808219177
414.12,414.12,0,2924,2438.9638227146738,76.319999999989392,50.020000000010661,1629449.8857011292,853637.33795013581,0,763199.99999989395,500.20000000010663,10030.155970277498,2082.1917808219177
1088.26,788.40164999997967,299.85835000002038,3070.1999999999998,2094.8921052631581,196.61354999998878,89.854800000031489,2772330.3025930971,733212.23684210528,59971.670000004073,1966135.4999998878,898.54800000031491,10030.155970277498,2082.1917808219177
1415.4899999999998,1263.6799999999926,151.81000000000734,3070.1999999999998,1811.3069529085781,0,44.310000000007314,676874.88126910327,633957.43351800228,30362.000000001466,0,443.10000000007312,10030.155970277498,2082.1917808219177
1498.7,1498.7,0,3070.1999999999998,1572.2011357340693,0,6.4899999999999931,562447.64525802364,550270.39750692423,0,0,64.899999999999935,10030.155970277498,2082.1917808219177
1038.28,776.64421052629791,261.63578947370218,2924,2060.7503047091304,98.419999999989386,109.36000000002859,1770995.7122939297,721262.60664819565,52327.157894740434,984199.99999989383,1093.6000000002859,10030.155970277498,2082.1917808219177
939.86000000000001,910.71499999999969,29.145000000000366,2924,2009.9979701523453,9.3399999999893613,56.028775000012899,815400.92505431408,703499.28955332085,5829.0000000000728,93399.999999893611,560.28775000012899,10030.155970277498,2082.1917808219177
536.06999999999994,536.06999999999994,0,2777.8000000000002,2200.8342105263155,44.179999999989363,30.400000000010643,1224508.3214352035,770291.97368421045,0,441799.99999989365,304.00000000010641,10030.155970277498,2082.1917808219177
856.06999999999994,856.06999999999994,0,3070.1999999999998,2083.1154302631526,135.91999999998939,45.40667500001593,2100856.8150930968,729090.40059210337,0,1359199.9999998938,454.06675000015929,10030.155970277498,2082.1917808219177
