metric,cluster,cluster_full,representative_value,replacement,adjustment,total,capacity_scenario,seed,day,date_UTC,days,effective_days,absolute_total
total_cost_CNY,11,72838549.5,2496612,2059810.5,-24691461.542373944,-22631651.04237394,E0_P0,7,45,2023-02-15,30,20.110012471952412,22631651.04237394
total_cost_CNY,26,78413490,3234614.5,18624945,-735080.20624683728,17889864.793753162,E0_P0,7,355,2023-12-22,30,29.772745652921905,17889864.793753162
total_cost_CNY,16,71262514,3683630,9777346,-70.063010956007048,9777275.9369890392,E0_P0,7,316,2023-11-13,22,21.999980979900002,9777275.9369890392
total_cost_CNY,10,10062417,1516070.5,3582217.5,4356214.1742401449,7938431.6742401458,E0_P0,7,50,2023-02-20,9,11.873358576820896,7938431.6742401458
total_cost_CNY,43,72480556,3938386.5,10225560.5,-2977705.3068780126,7247855.1931219846,E0_P0,7,164,2023-06-14,21,20.243927606679026,7247855.1931219846
unserved_MWh,26,5450.3900000000003,241.98000000000002,1809.0100000000002,-54.991006905957327,1754.0189930940433,E0_P0,7,355,2023-12-22,30,29.772745652921905,1754.0189930940433
unserved_MWh,11,4906,169.63,182.89999999999964,-1677.6385843827122,-1494.7385843827124,E0_P0,7,45,2023-02-15,30,20.110012471952412,1494.7385843827124
unserved_MWh,16,5293.4499999999998,285.06999999999999,978.09000000000015,-0.0054220599064588272,978.08457794009337,E0_P0,7,316,2023-11-13,22,21.999980979900002,978.08457794009337
unserved_MWh,43,5557.4699999999993,313,1015.5300000000007,-236.65065910946475,778.87934089053579,E0_P0,7,164,2023-06-14,21,20.243927606679026,778.87934089053579
unserved_MWh,10,347.54999999999995,74.180000000000007,320.07000000000016,213.14573922857412,533.21573922857419,E0_P0,7,50,2023-02-20,9,11.873358576820896,533.21573922857419
total_cost_CNY,41,66237906.999999993,3083633.5,-7648870.4999999925,31330982.257855788,23682111.757855795,E0_P0,42,206,2023-07-26,19,29.16041052150192,23682111.757855795
total_cost_CNY,12,43614066.5,2376475.5,-837507.5,-21388242.383483194,-22225749.883483194,E0_P0,42,228,2023-08-17,18,9.0000156183039994,22225749.883483194
total_cost_CNY,13,53187479,2370239,-1042221,-16805258.407146197,-17847479.407146201,E0_P0,42,363,2023-12-30,22,14.909888662220899,17847479.407146201
total_cost_CNY,30,51451565.5,2293409,-14757021.5,-4.073912762692089e-09,-14757021.500000007,E0_P0,42,259,2023-09-17,16,15.999999999999998,14757021.500000007
total_cost_CNY,9,55433353.5,3352446,11615566.5,-7.3697155418105496,11615559.130284458,E0_P0,42,7,2023-01-08,20,19.999997801690007,11615559.130284458
unserved_MWh,41,5093.1599999999999,228.62,-749.38000000000011,2322.8730534257688,1573.4930534257692,E0_P0,42,206,2023-07-26,19,29.16041052150192,1573.4930534257692
unserved_MWh,12,2922.5099999999998,158,-78.509999999999764,-1421.9975323079682,-1500.5075323079679,E0_P0,42,228,2023-08-17,18,9.0000156183039994,1500.5075323079679
unserved_MWh,30,3847.0999999999999,150.39999999999998,-1440.7000000000003,-2.6716406864579763e-13,-1440.7000000000007,E0_P0,42,259,2023-09-17,16,15.999999999999998,1440.7000000000007
unserved_MWh,13,3579.3499999999999,157.54999999999998,-113.25000000000045,-1117.0470412670973,-1230.2970412670975,E0_P0,42,363,2023-12-30,22,14.909888662220899,1230.2970412670975
unserved_MWh,9,3934.25,253.09999999999999,1127.75,-0.00055639225915413701,1127.7494436077404,E0_P0,42,7,2023-01-08,20,19.999997801690007,1127.7494436077404
total_cost_CNY,40,48241404,2563239.5,460146.5,-22219036.025589902,-21758889.525589902,E0_P0,2026,357,2023-12-24,19,10.331658229521704,21758889.525589902
total_cost_CNY,1,49451797,3336740.5000000005,13946272.500000007,-1.8967173787132199e-06,13946272.499998115,E0_P0,2026,337,2023-12-04,19,18.999999999999432,13946272.499998115
total_cost_CNY,15,82149871,3083633.5,-8142667,18822302.296633512,10679635.296633512,E0_P0,2026,206,2023-07-26,24,30.103936248141522,10679635.296633512
total_cost_CNY,16,56049616.5,3646150.5,9581092.5,-1527.0888468588605,9579565.4111531377,E0_P0,2026,4,2023-01-05,18,17.999581177780001,9579565.4111531377
total_cost_CNY,24,75331862,2931186.5,-7914572.5,-7.4249441244234049e-06,-7914572.5000074208,E0_P0,2026,280,2023-10-08,23,22.999999999997467,7914572.5000074208
unserved_MWh,40,3303.5799999999999,175.28000000000003,26.740000000000691,-1519.3869455294359,-1492.6469455294355,E0_P0,2026,357,2023-12-24,19,10.331658229521704,1492.6469455294355
unserved_MWh,1,3435.1800000000003,253.41000000000003,1379.6100000000006,-1.4404690773517361e-10,1379.609999999856,E0_P0,2026,337,2023-12-04,19,18.999999999999432,1379.609999999856
unserved_MWh,16,4079.7800000000002,277.87,921.87999999999965,-0.11637813027099995,921.76362186972847,E0_P0,2026,4,2023-01-05,18,17.999581177780001,921.76362186972847
unserved_MWh,24,5687.8099999999995,213.94999999999999,-766.96000000000004,-5.4195350429608882e-10,-766.9600000005421,E0_P0,2026,280,2023-10-08,23,22.999999999997467,766.9600000005421
unserved_MWh,44,5238.6799999999994,236.63999999999999,-742.51999999999953,-1.3535498055716744e-10,-742.52000000013504,E0_P0,2026,283,2023-10-11,19,18.999999999999428,742.52000000013504
total_cost_CNY,26,67106530.312111109,2936766.1393430973,20996453.86818181,-667392.87151747209,20329060.996664345,E40_P20,7,355,2023-12-22,30,29.772745652921905,20329060.996664345
total_cost_CNY,11,62589835.457304746,2187721.507809855,3041809.7769909054,-21636538.427080929,-18594728.650090024,E40_P20,7,45,2023-02-15,30,20.110012471952412,18594728.650090024
total_cost_CNY,16,64824169.508324385,3403835.8214352033,10060218.563250095,-64.74129770081791,10060153.821952388,E40_P20,7,316,2023-11-13,22,21.999980979900002,10060153.821952388
total_cost_CNY,43,66118501.222254947,3644494.4488431024,10415882.203450203,-2755501.640381807,7660380.5630683899,E40_P20,7,164,2023-06-14,21,20.243927606679026,7660380.5630683899
total_cost_CNY,21,45980397.764253072,4261808.3214352028,5161302.0929693654,2.0516034295584616e-06,5161302.0929714143,E40_P20,7,47,2023-02-17,12,12.000000000000481,5161302.0929714143
unserved_MWh,26,4292.3412249996472,211.5799999999893,2055.0587750000313,-48.082474754780812,2006.976300245251,E40_P20,7,355,2023-12-22,30,29.772745652921905,2006.976300245251
unserved_MWh,11,3854.2395249996548,138.10187499998898,288.81672500001469,-1365.825821349878,-1077.0090963498633,E40_P20,7,45,2023-02-15,30,20.110012471952412,1077.0090963498633
unserved_MWh,16,4597.3313249997564,254.66999999998936,1005.4086750000097,-0.0048438488665163357,1005.4038311511431,E40_P20,7,316,2023-11-13,22,21.999980979900002,1005.4038311511431
unserved_MWh,43,4903.05964999977,282.59999999998934,1031.5403500000057,-213.66605835249908,817.87429164750665,E40_P20,7,164,2023-06-14,21,20.243927606679026,817.87429164750665
unserved_MWh,21,3583.3399999998715,340.90999999998928,507.57999999999993,1.641115865424984e-10,507.58000000016409,E40_P20,7,47,2023-02-17,12,12.000000000000481,507.58000000016409
total_cost_CNY,41,60279554.374578759,2772330.3025930971,-7605278.6253099144,28168013.975545503,20562735.350235596,E40_P20,42,206,2023-07-26,19,29.16041052150192,20562735.350235596
total_cost_CNY,12,37777011.660097957,2075751.3163430989,-413487.96592217684,-18681729.427372806,-19095217.393294983,E40_P20,42,228,2023-08-17,18,9.0000156183039994,19095217.393294983
total_cost_CNY,30,45852692.29594221,1804572.5885598497,-16979530.878984615,-3.2055648598825031e-09,-16979530.878984619,E40_P20,42,259,2023-09-17,16,15.999999999999998,16979530.878984619
total_cost_CNY,13,45256953.462770984,2061612.9107378309,98530.573461294174,-14617065.072534069,-14518534.499072772,E40_P20,42,363,2023-12-30,22,14.909888662220899,14518534.499072772
total_cost_CNY,9,47980093.967174388,3054465.9685930992,13109225.404687591,-6.7146630611416196,13109218.690024532,E40_P20,42,7,2023-01-08,20,19.999997801690007,13109218.690024532
unserved_MWh,30,3271.7660749998054,99.989999999989379,-1671.9260749999753,-1.7761792037161218e-13,-1671.9260749999755,E40_P20,42,259,2023-09-17,16,15.999999999999998,1671.9260749999755
unserved_MWh,9,3171.5077249997671,222.69999999998939,1282.492275000021,-0.00048956363537582144,1282.4917854363853,E40_P20,42,7,2023-01-08,20,19.999997801690007,1282.4917854363853
unserved_MWh,41,4481.2029999997894,196.61354999998878,-745.54555000000255,1997.6743820897298,1252.1288320897274,E40_P20,42,206,2023-07-26,19,29.16041052150192,1252.1288320897274
unserved_MWh,12,2318.3877749997996,126.47187499998898,-41.894024999997782,-1138.2448997237098,-1180.1389247237075,E40_P20,42,228,2023-08-17,18,9.0000156183039994,1180.1389247237075
unserved_MWh,33,2992.6013249998205,254.66999999998936,1082.1186750000093,-4.5238479629004288e-13,1082.1186750000088,E40_P20,42,316,2023-11-13,16,15.999999999999998,1082.1186750000088
total_cost_CNY,40,41502522.603468642,2231765.6165930866,901024.11180000752,-19345707.116231102,-18444683.004431099,E40_P20,2026,357,2023-12-24,19,10.331658229521704,18444683.004431099
total_cost_CNY,1,43159102.904115573,3045514.9125930984,14705680.435153298,-1.731174798233666e-06,14705680.435151562,E40_P20,2026,337,2023-12-04,19,18.999999999999432,14705680.435151562
total_cost_CNY,16,50803193.71983359,3366356.3214352033,9791220.0660000667,-1409.9048278496789,9789810.1611722186,E40_P20,2026,4,2023-01-05,18,17.999581177780001,9789810.1611722186
total_cost_CNY,33,45414403.860506676,1570586.446170592,-9290915.5985830575,-3.9728488931468371e-06,-9290915.5985870361,E40_P20,2026,63,2023-03-05,23,22.99999999999747,9290915.5985870361
total_cost_CNY,15,74693192.267227784,2772330.3025930971,-8157265.0049934536,16922127.425819162,8764862.4208257049,E40_P20,2026,206,2023-07-26,24,30.103936248141522,8764862.4208257049
unserved_MWh,1,2775.8348749997854,223.00999999998939,1461.3551250000132,-1.2676650840148193e-10,1461.3551249998859,E40_P20,2026,337,2023-12-04,19,18.999999999999432,1461.3551249998859
unserved_MWh,40,2614.2419249997738,141.38732499998815,72.11725000000115,-1225.5936551135876,-1153.4764051135865,E40_P20,2026,357,2023-12-24,19,10.331658229521704,1153.4764051135865
unserved_MWh,33,2701.754374999739,76.339999999989388,-945.93437499998299,-1.9310448351458988e-10,-945.93437500017603,E40_P20,2026,63,2023-03-05,23,22.99999999999747,945.93437500017603
unserved_MWh,16,3511.1365999998011,247.46999999998934,943.32340000000704,-0.10364593478303925,943.2197540652237,E40_P20,2026,4,2023-01-05,18,17.999581177780001,943.2197540652237
unserved_MWh,28,1850.727199999827,71.159999999978723,-854.48720000012486,1.9845671772594392e-11,-854.48720000010508,E40_P20,2026,304,2023-11-01,14,14.000000000000279,854.48720000010508
total_cost_CNY,26,58932203.425219409,2686762.5735413069,21670673.781019799,-610578.47440399067,21060095.306615807,E80_P20,7,355,2023-12-22,30,29.772745652921905,21060095.306615807
total_cost_CNY,11,53921908.790037043,1894187.0907254964,2903703.9317278489,-18733486.703063905,-15829782.771336056,E80_P20,7,45,2023-02-15,30,20.110012471952412,15829782.771336056
total_cost_CNY,16,59129255.452395231,3171388.3932255143,10641289.198566079,-60.320124371968085,10641228.878441706,E80_P20,7,316,2023-11-13,22,21.999980979900002,10641228.878441706
total_cost_CNY,43,60183977.374089397,3353510.4522282714,10239742.122704305,-2535496.6736431299,7704245.4490611777,E80_P20,7,164,2023-06-14,21,20.243927606679026,7704245.4490611777
total_cost_CNY,21,43379951.71839045,4106141.4317255421,5893745.4623160511,1.9766665246791995e-06,5893745.462318033,E80_P20,7,47,2023-02-17,12,12.000000000000481,5893745.462318033
unserved_MWh,26,3455.4990499993546,186.30999999998048,2133.8009500000599,-42.33975740411536,2091.4611925959443,E80_P20,7,355,2023-12-22,30,29.772745652921905,2091.4611925959443
unserved_MWh,16,3980.8022249995406,229.39999999998051,1065.9977750000303,-0.0043632109395641393,1065.9934117890912,E80_P20,7,316,2023-11-13,22,21.999980979900002,1065.9934117890912
unserved_MWh,43,4281.5539749995523,252.1999999999787,1014.646025,-190.68145759553346,823.96456740446683,E80_P20,7,164,2023-06-14,21,20.243927606679026,823.96456740446683
unserved_MWh,11,2953.1607249993394,107.70187499997833,277.89552500001037,-1065.170200497126,-787.27467549711537,E80_P20,7,45,2023-02-15,30,20.110012471952412,787.27467549711537
unserved_MWh,21,3302.3081499997734,323.63614999998322,581.32565000002523,1.5579608119153124e-10,581.32565000018121,E80_P20,7,47,2023-02-17,12,12.000000000000481,581.32565000018121
total_cost_CNY,41,54925595.936596081,2482454.3325177394,-7758963.6187590361,25222755.119261265,17463791.500502229,E80_P20,42,206,2023-07-26,19,29.16041052150192,17463791.500502229
total_cost_CNY,30,41582083.629579201,1513649.4000548641,-17363693.228701375,-2.6887814642415437e-09,-17363693.228701379,E80_P20,42,259,2023-09-17,16,15.999999999999998,17363693.228701379
total_cost_CNY,12,32609082.535545319,1784792.9834782677,-482808.83293650299,-16063108.975865018,-16545917.808801519,E80_P20,42,228,2023-08-17,18,9.0000156183039994,16545917.808801519
total_cost_CNY,9,42664011.028633244,2805775.6023667925,13451501.018702604,-6.1679645439763702,13451494.850738063,E80_P20,42,7,2023-01-08,20,19.999997801690007,13451494.850738063
total_cost_CNY,13,38910911.926528648,1762832.8639754893,-128588.919067882,-12498681.275482221,-12627270.194550104,E80_P20,42,363,2023-12-30,22,14.909888662220899,12627270.194550104
unserved_MWh,30,2825.9856999996491,69.589999999978744,-1712.5456999999892,-1.2361667245382567e-13,-1712.5456999999894,E80_P20,42,259,2023-09-17,16,15.999999999999998,1712.5456999999894
unserved_MWh,9,2629.5787999995778,197.42999999998051,1319.0212000000324,-0.00043401234186009655,1319.0207659876905,E80_P20,42,7,2023-01-08,20,19.999997801690007,1319.0207659876905
unserved_MWh,33,2534.3369999996598,229.39999999998051,1136.0630000000283,-4.0749625895838283e-13,1136.0630000000278,E80_P20,42,316,2023-11-13,16,15.999999999999998,1136.0630000000278
unserved_MWh,41,3920.4973249995933,166.21354999997814,-762.43987500000867,1688.7979022359632,926.35802723595452,E80_P20,42,206,2023-07-26,19,29.16041052150192,926.35802723595452
unserved_MWh,12,1777.8377749996293,96.071874999978348,-48.544025000019019,-864.64537452005561,-913.18939952007463,E80_P20,42,228,2023-08-17,18,9.0000156183039994,913.18939952007463
total_cost_CNY,40,36037506.970857002,1933621.9915412781,701310.86842728406,-16761296.277592691,-16059985.409165408,E80_P20,2026,357,2023-12-24,19,10.331658229521704,16059985.409165408
total_cost_CNY,1,37906820.130936138,2787491.586475506,15055520.012098476,-1.5845055182100544e-06,15055520.012096889,E80_P20,2026,337,2023-12-04,19,18.999999999999432,15055520.012096889
total_cost_CNY,16,46050323.657216877,3129229.2667255132,10275803.143842362,-1310.5907483744463,10274492.553093985,E80_P20,2026,4,2023-01-05,18,17.999581177780001,10274492.553093985
total_cost_CNY,33,38716721.42600964,1279583.5548029908,-9286299.6655408517,-3.2367477268015299e-06,-9286299.6655440889,E80_P20,2026,63,2023-03-05,23,22.99999999999747,9286299.6655440889
total_cost_CNY,28,25814317.282593157,1188679.5520509651,-9172803.5538796447,3.3150849118613042e-07,-9172803.5538793132,E80_P20,2026,304,2023-11-01,14,14.000000000000279,9172803.5538793132
unserved_MWh,1,2214.0423999995887,195.09567499997962,1492.7754250000239,-1.1089905171955912e-10,1492.7754249999134,E80_P20,2026,337,2023-12-04,19,18.999999999999432,1492.7754249999134
unserved_MWh,16,2997.0383999996211,221.71264999998033,993.78930000002492,-0.092858184274755562,993.69644181574995,E80_P20,2026,4,2023-01-05,18,17.999581177780001,993.69644181574995
unserved_MWh,33,2002.5543749994943,45.939999999978738,-945.93437499998322,-1.1620670647966187e-10,-945.93437500009941,E80_P20,2026,63,2023-03-05,23,22.99999999999747,945.93437500009941
unserved_MWh,28,1429.0957999996917,36.189999999978752,-922.43579999998917,1.0092957580803599e-11,-922.43579999997905,E80_P20,2026,304,2023-11-01,14,14.000000000000279,922.43579999997905
unserved_MWh,40,2054.6501249995781,111.06332499997754,55.553049999994982,-962.73485926551166,-907.18180926551668,E80_P20,2026,357,2023-12-24,19,10.331658229521704,907.18180926551668
