cluster,day,date_UTC,c,w
0,344,2023-12-11,3,6
1,163,2023-06-13,10,20
2,1,2023-01-02,12,6.0000000000000009
3,127,2023-05-08,20,10
4,347,2023-12-14,3,1.5
5,31,2023-02-01,4,1.9999999999999998
6,209,2023-07-29,15,7.5000000000000009
7,187,2023-07-07,2,4
8,179,2023-06-29,2,4
9,298,2023-10-26,20,10
10,13,2023-01-14,1,2
11,189,2023-07-09,5,2.5
12,228,2023-08-17,18,20.160891877706522
13,33,2023-02-03,22,27.230197565745357
14,106,2023-04-17,4,8
15,91,2023-04-02,1,0.5
16,93,2023-04-04,4,2
17,253,2023-09-11,12,24
18,105,2023-04-16,8,4
19,173,2023-06-23,18,36
20,348,2023-12-15,1,2
21,152,2023-06-02,2,1
22,134,2023-05-15,8,16
23,110,2023-04-21,3,1.5
24,125,2023-05-06,3,1.5
25,354,2023-12-21,4,8
26,92,2023-04-03,2,1
27,345,2023-12-12,5,2.5
28,194,2023-07-14,12,10.87065550267133
29,332,2023-11-29,1,0.5
30,260,2023-09-18,16,8
31,239,2023-08-28,5,3.0204339404039926
32,51,2023-02-21,4,8
33,37,2023-02-07,16,8
34,352,2023-12-19,10,5
35,123,2023-05-04,1,2
36,186,2023-07-06,1,0.5
37,70,2023-03-12,1,2
38,45,2023-02-15,19,38.000000000000007
39,275,2023-10-03,22,11.000000000000002
40,25,2023-01-26,4,6.2178211134728256
41,242,2023-08-31,19,9.5
42,74,2023-03-16,1,0.5
43,140,2023-05-21,1,0.5
44,154,2023-06-04,13,6.4999999999999991
45,343,2023-12-10,1,2
46,75,2023-03-17,4,8
47,308,2023-11-05,2,4
