scenario,energy_capacity_MWh,power_capacity_MW,total_cost_CNY,thermal_cost_CNY,storage_cost_CNY,curtailment_cost_CNY,load_shedding_cost_CNY,renewable_utilization_pct,curtailment_rate_pct,num_steps,time_step_hours,thermal_generation_MWh,curtailment_MWh,load_shedding_MWh,storage_discharge_MWh,initial_inventory_supply_MWh,simulation_hours,storage_capex_CNY,capital_recovery_factor,year_fraction,storage_annualized_investment_CNY_per_year,storage_annual_fixed_om_CNY_per_year,storage_investment_allocated_CNY,storage_fixed_om_CNY,storage_variable_om_CNY,storage_om_cost_CNY,operating_cost_excluding_investment_CNY,initial_inventory_thermal_value_CNY,solver_status,storage_utilization_pct,storage_charge_MWh,operating_objective_CNY,max_constraint_residual
E000_P00,0,0,521956.5,427374.5,0,94582,0,78.2654055445,21.7345944555,24,1,1221.07,472.91,0,0,0,24,0,0.0963422876092,0.0027397260274,0,0,0,0,0,0,521956.5,0,Optimal,,0,521956.5,1.42108547152e-14
E010_P05,10,5,514105.769814,419691.873961,4966.31690502,89447.5789474,0,79.445276549,20.554723451,24,1,1199.11963989,447.237894737,0,34.45,0,24,14500000,0.0963422876092,0.0027397260274,1396963.17033,290000,3827.29635708,794.520547945,344.5,1139.02054795,510278.473457,0,Optimal,70.8333333333,38.1717451524,509483.952909,1.84252613167e-12
E010_P10,10,10,513220.176968,418724.434211,5902.92538865,88592.8173684,0,79.6416976045,20.3583023955,24,1,1196.35552632,442.964086842,0,48.42435,0,24,17000000,0.0963422876092,0.0027397260274,1637818.88936,340000,4487.17503933,931.506849315,484.2435,1415.75034932,508733.001928,0,Optimal,75,53.6557894737,507801.495079,2.80131473573e-12
E010_P15,10,15,514017.041951,418724.434211,6699.79037227,88592.8173684,0,79.6416976045,20.3583023955,24,1,1196.35552632,442.964086842,0,48.42435,0,24,19500000,0.0963422876092,0.0027397260274,1878674.60838,390000,5147.05372159,1068.49315068,484.2435,1552.73665069,508869.98823,0,Optimal,66.6666666667,53.6557894737,507801.495079,2.79776202206e-12
E010_P20,10,20,514813.906935,418724.434211,7496.6553559,88592.8173684,0,79.6416976045,20.3583023955,24,1,1196.35552632,442.964086842,0,48.42435,0,24,22000000,0.0963422876092,0.0027397260274,2119530.3274,440000,5806.93240384,1205.47945205,484.2435,1689.72295205,509006.974531,0,Optimal,75,53.6557894737,507801.495079,2.79953837889e-12
E010_P25,10,25,515610.771918,418724.434211,8293.52033952,88592.8173684,0,79.6416976045,20.3583023955,24,1,1196.35552632,442.964086842,0,48.42435,0,24,24500000,0.0963422876092,0.0027397260274,2360386.04643,490000,6466.8110861,1342.46575342,484.2435,1826.70925342,509143.960832,0,Optimal,66.6666666667,53.6557894737,507801.495079,2.79942735659e-12
E010_P30,10,30,516407.636902,418724.434211,9090.38532315,88592.8173684,0,79.6416976045,20.3583023955,24,1,1196.35552632,442.964086842,0,48.42435,0,24,27000000,0.0963422876092,0.0027397260274,2601241.76545,540000,7126.68976836,1479.45205479,484.2435,1963.69555479,509280.947134,0,Optimal,75,53.6557894737,507801.495079,2.80131473573e-12
E010_P35,10,35,517204.501886,418724.434211,9887.25030677,88592.8173684,0,79.6416976045,20.3583023955,24,1,1196.35552632,442.964086842,0,48.42435,0,24,29500000,0.0963422876092,0.0027397260274,2842097.48447,590000,7786.56845061,1616.43835616,484.2435,2100.68185616,509417.933435,0,Optimal,70.8333333333,53.6557894737,507801.495079,2.79942735659e-12
E010_P40,10,40,518001.366869,418724.434211,10684.1152904,88592.8173684,0,79.6416976045,20.3583023955,24,1,1196.35552632,442.964086842,0,48.42435,0,24,32000000,0.0963422876092,0.0027397260274,3082953.2035,640000,8446.44713287,1753.42465753,484.2435,2237.66815753,509554.919736,0,Optimal,70.8333333333,53.6557894737,507801.495079,2.81730194729e-12
E010_P45,10,45,518798.231853,418724.434211,11480.980274,88592.8173684,0,79.6416976045,20.3583023955,24,1,1196.35552632,442.964086842,0,48.42435,0,24,34500000,0.0963422876092,0.0027397260274,3323808.92252,690000,9106.32581512,1890.4109589,484.2435,2374.6544589,509691.906038,0,Optimal,75,53.6557894737,507801.495079,2.79953837889e-12
E010_P50,10,50,519595.096837,418724.434211,12277.8452576,88592.8173684,0,79.6416976045,20.3583023955,24,1,1196.35552632,442.964086842,0,48.42435,0,24,37000000,0.0963422876092,0.0027397260274,3564664.64154,740000,9766.20449738,2027.39726027,484.2435,2511.64076027,509828.892339,0,Optimal,70.8333333333,53.6557894737,507801.495079,2.79953837889e-12
E020_P05,20,5,511539.656292,415656.5,8834.14382642,87049.0124654,0,79.9964582724,20.0035417276,24,1,1187.59,435.245062327,0,38.7375,0,24,26500000,0.0963422876092,0.0027397260274,2553070.62164,530000,6994.7140319,1452.05479452,387.375,1839.42979452,504544.94226,0,Optimal,79.1666666667,42.9224376731,503092.887465,1.8438583993e-12
E020_P10,20,10,509304.946021,413930.873961,9906.60706005,85467.465,0,80.3598920417,19.6401079583,24,1,1182.65963989,427.337325,0,66.297325,0,24,29000000,0.0963422876092,0.0027397260274,2793926.34067,580000,7654.59271416,1589.04109589,662.97325,2252.01434589,501650.353307,0,Optimal,79.1666666667,73.4596398892,500061.312211,3.68594044176e-12
E020_P15,20,15,509286.925412,413548.118421,10887.3430437,84851.4639474,0,80.5014468097,19.4985531903,24,1,1181.56605263,424.257319737,0,84.684425,0,24,31500000,0.0963422876092,0.0027397260274,3034782.05969,630000,8314.47139641,1726.02739726,846.84425,2572.87164726,500972.454016,0,Optimal,79.1666666667,93.8331578947,499246.426618,4.98445729136e-12
E020_P20,20,20,510025.902238,413548.118421,11734.0830273,84743.7007895,0,80.5262103855,19.4737896145,24,1,1181.56605263,423.718503947,0,89.671925,0,24,34000000,0.0963422876092,0.0027397260274,3275637.77871,680000,8974.35007867,1863.01369863,896.71925,2759.73294863,501051.552159,0,Optimal,75,99.3594736842,499188.538461,5.59907675779e-12
E020_P25,20,25,510822.767221,413548.118421,12530.9480109,84743.7007895,0,80.5262103855,19.4737896145,24,1,1181.56605263,423.718503947,0,89.671925,0,24,36500000,0.0963422876092,0.0027397260274,3516493.49774,730000,9634.22876092,2000,896.71925,2896.71925,501188.538461,0,Optimal,66.6666666667,99.3594736842,499188.538461,5.59885471318e-12
E020_P30,20,30,511619.632205,413548.118421,13327.8129945,84743.7007895,0,80.5262103855,19.4737896145,24,1,1181.56605263,423.718503947,0,89.671925,0,24,39000000,0.0963422876092,0.0027397260274,3757349.21676,780000,10294.1074432,2136.98630137,896.71925,3033.70555137,501325.524762,0,Optimal,70.8333333333,99.3594736842,499188.538461,5.60262947147e-12
E020_P35,20,35,512416.497189,413548.118421,14124.6779782,84743.7007895,0,80.5262103855,19.4737896145,24,1,1181.56605263,423.718503947,0,89.671925,0,24,41500000,0.0963422876092,0.0027397260274,3998204.93578,830000,10953.9861254,2273.97260274,896.71925,3170.69185274,501462.511063,0,Optimal,70.8333333333,99.3594736842,499188.538461,5.59885471318e-12
E020_P40,20,40,513213.362172,413548.118421,14921.5429618,84743.7007895,0,80.5262103855,19.4737896145,24,1,1181.56605263,423.718503947,0,89.671925,0,24,44000000,0.0963422876092,0.0027397260274,4239060.65481,880000,11613.8648077,2410.95890411,896.71925,3307.67815411,501599.497365,0,Optimal,70.8333333333,99.3594736842,499188.538461,5.6132876125e-12
E020_P45,20,45,514010.227156,413548.118421,15718.4079454,84743.7007895,0,80.5262103855,19.4737896145,24,1,1181.56605263,423.718503947,0,89.671925,0,24,46500000,0.0963422876092,0.0027397260274,4479916.37383,930000,12273.7434899,2547.94520548,896.71925,3444.66445548,501736.483666,0,Optimal,70.8333333333,99.3594736842,499188.538461,5.59907675779e-12
E020_P50,20,50,514807.09214,413548.118421,16515.272929,84743.7007895,0,80.5262103855,19.4737896145,24,1,1181.56605263,423.718503947,0,89.671925,0,24,49000000,0.0963422876092,0.0027397260274,4720772.09285,980000,12933.6221722,2684.93150685,896.71925,3581.65075685,501873.469967,0,Optimal,75,99.3594736842,499188.538461,5.59907675779e-12
E030_P05,30,5,511294.621717,413101.5,12706.4707478,85486.6509695,0,80.3554831767,19.6445168233,24,1,1180.29,427.433254848,0,43.475,0,24,38500000,0.0963422876092,0.0027397260274,3709178.07296,770000,10162.1317067,2109.5890411,434.75,2544.3390411,501132.490011,0,Optimal,83.3333333333,48.1717451524,499022.90097,1.84563475614e-12
E030_P10,30,10,506630.47936,409797.189751,13734.6857314,83098.6038781,0,80.904247583,19.095752417,24,1,1170.84911357,415.493019391,0,66.61,0,24,41000000,0.0963422876092,0.0027397260274,3950033.79198,820000,10822.010389,2246.57534247,666.1,2912.67534247,495808.468971,0,Optimal,79.1666666667,73.8060941828,493561.893629,3.68771679859e-12
E030_P15,30,15,505119.144344,408482.925208,14740.8507151,81895.3684211,0,81.1807466493,18.8192533507,24,1,1167.09407202,409.476842105,0,87.54,0,24,43500000,0.0963422876092,0.0027397260274,4190889.511,870000,11481.8890712,2383.56164384,875.4,3258.96164384,493637.255273,0,Optimal,70.8333333333,96.9972299169,491253.693629,5.44986278328e-12
E030_P20,30,20,505729.135328,408482.925208,15698.7216987,81547.4884211,0,81.2606881891,18.7393118109,24,1,1167.09407202,407.737442105,0,103.6406,0,24,46000000,0.0963422876092,0.0027397260274,4431745.23003,920000,12141.7677535,2520.54794521,1036.406,3556.95394521,493587.367574,0,Optimal,70.8333333333,114.837229917,491066.819629,6.65068000671e-12
E030_P25,30,25,506368.875311,408482.925208,16630.9616823,81254.9884211,0,81.3279036094,18.6720963906,24,1,1167.09407202,406.274942105,0,117.1781,0,24,48500000,0.0963422876092,0.0027397260274,4672600.94905,970000,12801.6464357,2657.53424658,1171.781,3829.31524658,493567.228875,0,Optimal,66.6666666667,129.837229917,490909.694629,8.30979729471e-12
E030_P30,30,30,507157.922637,408482.925208,17434.5621659,81240.4352632,0,81.3312478714,18.6687521286,24,1,1167.09407202,406.202176316,0,117.85165,0,24,51000000,0.0963422876092,0.0027397260274,4913456.66807,1020000,13461.525118,2794.52054795,1178.5165,3973.03704795,493696.397519,0,Optimal,66.6666666667,130.583545706,490901.876971,8.40572056404e-12
E030_P35,30,35,507954.78762,408482.925208,18231.4271496,81240.4352632,0,81.3312478714,18.6687521286,24,1,1167.09407202,406.202176316,0,117.85165,0,24,53500000,0.0963422876092,0.0027397260274,5154312.38709,1070000,14121.4038003,2931.50684932,1178.5165,4110.02334932,493833.38382,0,Optimal,70.8333333333,130.583545706,490901.876971,8.39861513668e-12
E030_P40,30,40,508751.652604,408482.925208,19028.2921332,81240.4352632,0,81.3312478714,18.6687521286,24,1,1167.09407202,406.202176316,0,117.85165,0,24,56000000,0.0963422876092,0.0027397260274,5395168.10612,1120000,14781.2824825,3068.49315068,1178.5165,4247.00965069,493970.370122,0,Optimal,66.6666666667,130.583545706,490901.876971,8.40572056404e-12
E030_P45,30,45,509548.517588,408482.925208,19825.1571168,81240.4352632,0,81.3312478714,18.6687521286,24,1,1167.09407202,406.202176316,0,117.85165,0,24,58500000,0.0963422876092,0.0027397260274,5636023.82514,1170000,15441.1611648,3205.47945205,1178.5165,4383.99595206,494107.356423,0,Optimal,70.8333333333,130.583545706,490901.876971,8.40216785036e-12
E030_P50,30,50,510345.382571,408482.925208,20622.0221004,81240.4352632,0,81.3312478714,18.6687521286,24,1,1167.09407202,406.202176316,0,117.85165,0,24,61000000,0.0963422876092,0.0027397260274,5876879.54416,1220000,16101.039847,3342.46575342,1178.5165,4520.98225342,494244.342724,0,Optimal,70.8333333333,130.583545706,490901.876971,8.39861513668e-12
E040_P05,40,5,513009.552171,411771.5,16548.6726692,84689.3795014,0,80.538693217,19.461306783,24,1,1176.49,423.446897507,0,45.2,0,24,50500000,0.0963422876092,0.0027397260274,4865285.52427,1010000,13329.5493816,2767.12328767,452,3219.12328767,499680.002789,0,Optimal,87.5,50.0831024931,496912.879501,1.84741111298e-12
E040_P10,40,10,504032.124868,405769,17640.0174028,80623.1074654,0,81.4731075205,18.5268924795,24,1,1159.34,403.115537327,0,74.647975,0,24,53000000,0.0963422876092,0.0027397260274,5106141.24329,1060000,13989.4280638,2904.10958904,746.47975,3650.58933904,490042.696804,0,Optimal,83.3333333333,82.7124376731,487138.587215,3.68949315543e-12
E040_P15,40,15,502333.981307,404349.240997,18664.3026365,79320.4376731,0,81.77245623,18.22754377,24,1,1155.28354571,396.602188366,0,97.39,0,24,55500000,0.0963422876092,0.0027397260274,5346996.96231,1110000,14649.3067461,3041.09589041,973.9,4014.99589041,487684.674561,0,Optimal,79.1666666667,107.911357341,484643.57867,5.52979884105e-12
E040_P20,40,20,503012.458479,404349.240997,19563.1676201,79100.0498615,0,81.8231005355,18.1768994645,24,1,1155.28354571,395.500249308,0,107.59,0,24,58000000,0.0963422876092,0.0027397260274,5587852.68134,1160000,15309.1854283,3178.08219178,1075.9,4253.98219178,487703.273051,0,Optimal,75,119.213296399,484525.190859,7.37099270509e-12
E040_P25,40,25,503653.932496,404349.240997,20493.9136037,78810.7778947,0,81.8895741657,18.1104258343,24,1,1155.28354571,394.053889474,0,120.9781,0,24,60500000,0.0963422876092,0.0027397260274,5828708.40036,1210000,15969.0641106,3315.06849315,1209.781,4524.84949315,487684.868385,0,Optimal,75,134.047756233,484369.799892,8.3093532055e-12
E040_P30,40,30,504343.742979,404349.240997,21383.0140873,78611.4878947,0,81.935370272,18.064629728,24,1,1155.28354571,393.057439474,0,130.20165,0,24,63000000,0.0963422876092,0.0027397260274,6069564.11938,1260000,16628.9427928,3452.05479452,1302.0165,4754.07129452,487714.800186,0,Optimal,75,144.267756233,484262.745392,9.97957272375e-12
E040_P35,40,35,505063.423752,404349.240997,22246.379071,78467.8036842,0,81.9683883732,18.0316116268,24,1,1155.28354571,392.339018421,0,136.85165,0,24,65500000,0.0963422876092,0.0027397260274,6310419.83841,1310000,17288.8214751,3589.04109589,1368.5165,4957.55759589,487774.602277,0,Optimal,75,151.636177285,484185.561181,1.11977094264e-11
E040_P40,40,40,505860.288736,404349.240997,23043.2440546,78467.8036842,0,81.9683883732,18.0316116268,24,1,1155.28354571,392.339018421,0,136.85165,0,24,68000000,0.0963422876092,0.0027397260274,6551275.55743,1360000,17948.7001573,3726.02739726,1368.5165,5094.54389726,487911.588579,0,Optimal,75,151.636177285,484185.561181,1.12052589429e-11
E040_P45,40,45,506657.15372,404349.240997,23840.1090382,78467.8036842,0,81.9683883732,18.0316116268,24,1,1155.28354571,392.339018421,0,136.85165,0,24,70500000,0.0963422876092,0.0027397260274,6792131.27645,1410000,18608.5788396,3863.01369863,1368.5165,5231.53019863,488048.57488,0,Optimal,75,151.636177285,484185.561181,1.11981535156e-11
E040_P50,40,50,507454.018703,404349.240997,24636.9740218,78467.8036842,0,81.9683883732,18.0316116268,24,1,1155.28354571,392.339018421,0,136.85165,0,24,73000000,0.0963422876092,0.0027397260274,7032986.99547,1460000,19268.4575218,4000,1368.5165,5368.5165,488185.561181,0,Optimal,75,151.636177285,484185.561181,1.11981535156e-11
E050_P05,50,5,514700.398829,410441.5,20411.6245906,83847.2742382,0,80.7322058979,19.2677941021,24,1,1172.69,419.236371191,0,49,0,24,62500000,0.0963422876092,0.0027397260274,6021392.97558,1250000,16496.9670564,3424.65753425,490,3914.65753425,498203.431772,0,Optimal,87.5,54.2936288089,494778.774238,1.84741111298e-12
E050_P10,50,10,504358.971526,403571,21502.9693242,79285.0022022,0,81.7805991704,18.2194008296,24,1,1153.06,396.425011011,0,78.447975,0,24,65000000,0.0963422876092,0.0027397260274,6262248.6946,1300000,17156.8457386,3561.64383562,784.47975,4346.12358562,487202.125788,0,Optimal,83.3333333333,86.9229639889,483640.481952,3.69482222595e-12
E050_P15,50,15,499617.769595,400215.556787,22528.3478079,76873.865,0,82.3346695989,17.6653304011,24,1,1143.47301939,384.369325,0,101.299325,0,24,67500000,0.0963422876092,0.0027397260274,6503104.41362,1350000,17816.7244209,3698.63013699,1012.99325,4711.62338699,481801.045174,0,Optimal,79.1666666667,112.243019391,478102.415037,5.52802248421e-12
E050_P20,50,20,500294.941019,400215.556787,23428.3377915,76651.0464404,0,82.3858724813,17.6141275187,24,1,1143.47301939,383.255232202,0,111.611825,0,24,70000000,0.0963422876092,0.0027397260274,6743960.13265,1400000,18476.6031031,3835.61643836,1116.11825,4951.73468836,481818.337915,0,Optimal,79.1666666667,123.669612188,477982.721477,7.37099270509e-12
E050_P25,50,25,500975.73952,400215.556787,24325.2027751,76434.9799585,0,82.4355237613,17.5644762387,24,1,1143.47301939,382.174899792,0,121.611825,0,24,72500000,0.0963422876092,0.0027397260274,6984815.85167,1450000,19136.4817854,3972.60273973,1216.11825,5188.72098973,481839.257735,0,Optimal,79.1666666667,134.749944598,477866.654995,9.20863385545e-12
E050_P30,50,30,501656.538022,400215.556787,25222.0677587,76218.9134765,0,82.4851750413,17.5148249587,24,1,1143.47301939,381.094567382,0,131.611825,0,24,75000000,0.0963422876092,0.0027397260274,7225671.57069,1500000,19796.3604677,4109.5890411,1316.11825,5425.7072911,481860.177554,0,Optimal,79.1666666667,145.830277008,477750.588513,1.10560449684e-11
E050_P35,50,35,502342.124266,400215.556787,26114.8077424,76011.7597368,0,82.5327782059,17.4672217941,24,1,1143.47301939,380.058798684,0,141.199325,0,24,77500000,0.0963422876092,0.0027397260274,7466527.28972,1550000,20456.2391499,4246.57534247,1411.99325,5658.56859247,481885.885116,0,Optimal,79.1666666667,156.453545706,477639.309774,1.2896350654e-11
E050_P40,50,40,503086.61425,400215.556787,26956.797726,75914.2597368,0,82.555183346,17.444816654,24,1,1143.47301939,379.571298684,0,145.711825,0,24,80000000,0.0963422876092,0.0027397260274,7707383.00874,1600000,21116.1178322,4383.56164384,1457.11825,5840.67989384,481970.496417,0,Optimal,79.1666666667,161.453545706,477586.934774,1.40119027492e-11
E050_P45,50,45,503851.425733,400215.556787,27781.2792096,75854.5897368,0,82.5688952917,17.4311047083,24,1,1143.47301939,379.272948684,0,148.473475,0,24,82500000,0.0963422876092,0.0027397260274,7948238.72776,1650000,21775.9965144,4520.54794521,1484.73475,6005.28269521,482075.429219,0,Optimal,79.1666666667,164.513545706,477554.881274,1.40047973218e-11
E050_P50,50,50,504648.290717,400215.556787,28578.1441932,75854.5897368,0,82.5688952917,17.4311047083,24,1,1143.47301939,379.272948684,0,148.473475,0,24,85000000,0.0963422876092,0.0027397260274,8189094.44679,1700000,22435.8751967,4657.53424658,1484.73475,6142.26899658,482212.41552,0,Optimal,79.1666666667,164.513545706,477554.881274,1.39976918945e-11
E060_P05,60,5,516427.951512,409111.5,24242.951512,83073.5,0,80.9100163615,19.0899836385,24,1,1168.89,415.3675,0,49.6375,0,24,74500000,0.0963422876092,0.0027397260274,7177500.42689,1490000,19664.3847312,4082.19178082,496.375,4578.56678082,496763.566781,0,Optimal,91.6666666667,55,492681.375,1.84741111298e-12
E060_P10,60,10,506043.411025,402241,25371.4414956,78430.9695291,0,81.9768527261,18.0231472739,24,1,1149.26,392.154847645,0,82.8,0,24,77000000,0.0963422876092,0.0027397260274,7418356.14591,1540000,20324.2634135,4219.17808219,828,5047.17808219,485719.147611,0,Optimal,87.5,91.7451523545,481499.969529,3.69482222595e-12
E060_P15,60,15,498525.764729,397064.5,26323.3997293,75137.865,0,82.7335959905,17.2664040095,24,1,1134.47,375.689325,0,98.309325,0,24,79500000,0.0963422876092,0.0027397260274,7659211.86493,1590000,20984.1420957,4356.16438356,983.09325,5339.25763356,477541.622634,0,Optimal,79.1666666667,108.93,473185.45825,5.52802248421e-12
E060_P20,60,20,497618.725627,396112.5,27299.3897129,74206.8359141,0,82.9475430376,17.0524569624,24,1,1131.75,371.034179571,0,116.221825,0,24,82000000,0.0963422876092,0.0027397260274,7900067.58396,1640000,21644.020778,4493.15068493,1162.21825,5655.36893493,475974.704849,0,Optimal,79.1666666667,128.777645429,471481.554164,7.36832816983e-12
E060_P25,60,25,498299.524129,396112.5,28196.2546965,73990.7694321,0,82.9971943176,17.0028056824,24,1,1131.75,369.953847161,0,126.221825,0,24,84500000,0.0963422876092,0.0027397260274,8140923.30298,1690000,22303.8994602,4630.1369863,1262.21825,5892.3552363,475995.624668,0,Optimal,79.1666666667,139.857977839,471365.487682,9.21396292597e-12
E060_P30,60,30,498980.32263,396112.5,29093.1196801,73774.7029501,0,83.0468455975,16.9531544025,24,1,1131.75,368.873514751,0,136.221825,0,24,87000000,0.0963422876092,0.0027397260274,8381779.022,1740000,22963.7781425,4767.12328767,1362.21825,6129.34153767,476016.544488,0,Optimal,79.1666666667,150.938310249,471249.4212,1.10560449684e-11
E060_P35,60,35,499661.121132,396112.5,29989.9846638,73558.6364682,0,83.0964968775,16.9035031225,24,1,1131.75,367.793182341,0,146.221825,0,24,89500000,0.0963422876092,0.0027397260274,8622634.74103,1790000,23623.6568247,4904.10958904,1462.21825,6366.32783904,476037.464307,0,Optimal,79.1666666667,162.018642659,471133.354718,1.28927979404e-11
E060_P40,60,40,500341.919634,396112.5,30886.8496474,73342.5699862,0,83.1461481575,16.8538518425,24,1,1131.75,366.712849931,0,156.221825,0,24,92000000,0.0963422876092,0.0027397260274,8863490.46005,1840000,24283.535507,5041.09589041,1562.21825,6603.31414041,476058.384127,0,Optimal,79.1666666667,173.098975069,471017.288236,1.47544199081e-11
E060_P45,60,45,501066.678315,396112.5,31745.839631,73208.3386842,0,83.1769940151,16.8230059849,24,1,1131.75,366.041693421,0,162.434325,0,24,94500000,0.0963422876092,0.0027397260274,9104346.17907,1890000,24943.4141892,5178.08219178,1624.34325,6802.42544178,476123.264126,0,Optimal,79.1666666667,179.982631579,470945.181934,1.65858438095e-11
E060_P50,60,50,501811.168299,396112.5,32587.8296146,73110.8386842,0,83.1993991552,16.8006008448,24,1,1131.75,365.554193421,0,166.946825,0,24,97000000,0.0963422876092,0.0027397260274,9345201.8981,1940000,25603.2928715,5315.06849315,1669.46825,6984.53674315,476207.875427,0,Optimal,79.1666666667,184.982631579,470892.806934,1.67972302734e-11
E070_P05,70,5,518140.125386,407781.5,28087.5284334,82271.0969529,0,81.0944056197,18.9055943803,24,1,1165.09,411.355484765,0,51.6,0,24,86500000,0.0963422876092,0.0027397260274,8333607.8782,1730000,22831.802406,4739.7260274,516,5255.7260274,495308.32298,0,Optimal,95.8333333333,57.1745152354,490568.596953,1.84741111298e-12
E070_P10,70,10,507734.257683,400911,29234.393417,77588.8642659,0,82.1703654069,17.8296345931,24,1,1145.46,387.94432133,0,86.6,0,24,89000000,0.0963422876092,0.0027397260274,8574463.59722,1780000,23491.6810883,4876.71232877,866,5742.71232877,484242.576595,0,Optimal,87.5,95.9556786703,479365.864266,3.69482222595e-12
E070_P15,70,15,500254.768243,395734.5,30153.4766507,74366.7915928,0,82.9107858131,17.0892141869,24,1,1130.67,371.833957964,0,98.821825,0,24,91500000,0.0963422876092,0.0027397260274,8815319.31625,1830000,24151.5597705,5013.69863014,988.21825,6001.91688014,476103.208473,0,Optimal,79.1666666667,109.497867036,471089.509843,5.52802248421e-12
E070_P20,70,20,496610.832634,393057,31151.3476343,72402.485,0,83.362176217,16.637823783,24,1,1123.02,362.012425,0,118.922425,0,24,94000000,0.0963422876092,0.0027397260274,9056175.03527,1880000,24811.4384528,5150.68493151,1189.22425,6339.90918151,471799.394182,0,Optimal,79.1666666667,131.77,466648.70925,7.37543359719e-12
E070_P25,70,25,496877.265524,392829.5,32097.2066179,71950.5589058,0,83.4660271652,16.5339728348,24,1,1122.37,359.752794529,0,133.821825,0,24,96500000,0.0963422876092,0.0027397260274,9297030.75429,1930000,25471.317135,5287.67123288,1338.21825,6625.88948288,471405.948389,0,Optimal,79.1666666667,148.279030471,466118.277156,9.20863385545e-12
E070_P30,70,30,497558.064025,392829.5,32994.0716015,71734.4924238,0,83.5156784451,16.4843215549,24,1,1122.37,358.672462119,0,143.821825,0,24,99000000,0.0963422876092,0.0027397260274,9537886.47332,1980000,26131.1958173,5424.65753425,1438.21825,6862.87578425,471426.868208,0,Optimal,79.1666666667,159.359362881,466002.210674,1.10595976821e-11
E070_P35,70,35,498238.862527,392829.5,33890.9365852,71518.4259418,0,83.5653297251,16.4346702749,24,1,1122.37,357.592129709,0,153.821825,0,24,101500000,0.0963422876092,0.0027397260274,9778742.19234,2030000,26791.0744996,5561.64383562,1538.21825,7099.86208562,471447.788027,0,Optimal,79.1666666667,170.439695291,465886.144192,1.2896350654e-11
E070_P40,70,40,498919.661029,392829.5,34787.8015688,71302.3594598,0,83.6149810051,16.3850189949,24,1,1122.37,356.511797299,0,163.821825,0,24,104000000,0.0963422876092,0.0027397260274,10019597.9114,2080000,27450.9531818,5698.63013699,1638.21825,7336.84838699,471468.707847,0,Optimal,79.1666666667,181.520027701,465770.07771,1.4749979016e-11
E070_P45,70,45,499600.45953,392829.5,35684.6665524,71086.2929779,0,83.664632285,16.335367715,24,1,1122.37,355.431464889,0,173.821825,0,24,106500000,0.0963422876092,0.0027397260274,10260453.6304,2130000,28110.8318641,5835.61643836,1738.21825,7573.83468836,471489.627666,0,Optimal,79.1666666667,192.600360111,465654.011228,1.65858438095e-11
E070_P50,70,50,500300.699168,392829.5,36564.781536,70906.4176316,0,83.7059669756,16.2940330244,24,1,1122.37,354.532088158,0,182.146825,0,24,109000000,0.0963422876092,0.0027397260274,10501309.3494,2180000,28770.7105463,5972.60273973,1821.46825,7794.07098973,471529.988621,0,Optimal,79.1666666667,201.824736842,465557.385882,1.84208204246e-11
E080_P05,80,5,519845.480355,406451.5,31937.9803548,81456,0,81.2817118906,18.7182881094,24,1,1161.29,407.28,0,54.15,0,24,98500000,0.0963422876092,0.0027397260274,9489715.32951,1970000,25999.2200809,5397.26027397,541.5,5938.76027397,493846.260274,0,Optimal,100,60,488449,1.84741111298e-12
E080_P10,80,10,509446.433588,399581,33078.9685884,76786.465,0,82.3547537962,17.6452462038,24,1,1141.66,383.932325,0,88.562325,0,24,101000000,0.0963422876092,0.0027397260274,9730571.04853,2020000,26659.0987631,5534.24657534,885.62325,6419.86982534,482787.334825,0,Optimal,91.6666666667,98.13,477253.08825,3.69482222595e-12
E080_P15,80,15,501901.509639,394404.5,34054.4285721,73442.5810665,0,83.1231659804,16.8768340196,24,1,1126.87,367.212905332,0,106.421825,0,24,103500000,0.0963422876092,0.0027397260274,9971426.76756,2070000,27318.9774454,5671.23287671,1064.21825,6735.45112671,474582.532193,0,Optimal,83.3333333333,117.918919668,468911.299316,5.52802248421e-12
E080_P20,80,20,498345.784556,391727,34976.2995557,71642.485,0,83.5368214115,16.4631785885,24,1,1119.22,358.212425,0,118.922425,0,24,106000000,0.0963422876092,0.0027397260274,10212282.4866,2120000,27978.8561276,5808.21917808,1189.22425,6997.44342808,470366.928428,0,Optimal,83.3333333333,131.77,464558.70925,7.37188088351e-12
E080_P25,80,25,498575.649539,391499.5,35953.6645393,71122.485,0,83.6563154919,16.3436845081,24,1,1118.57,355.612425,0,136.972425,0,24,108500000,0.0963422876092,0.0027397260274,10453138.2056,2170000,28638.7348099,5945.20547945,1369.72425,7314.92972945,469936.914729,0,Optimal,83.3333333333,151.77,463991.70925,9.20863385545e-12
E080_P30,80,30,499213.085023,391499.5,36887.8900229,70825.695,0,83.7245167384,16.2754832616,24,1,1118.57,354.128475,0,150.708475,0,24,111000000,0.0963422876092,0.0027397260274,10693993.9246,2220000,29298.6134921,6082.19178082,1507.08475,7589.27653082,469914.471531,0,Optimal,83.3333333333,166.99,463832.27975,1.10560449684e-11
E080_P35,80,35,499885.603922,391499.5,37791.8885066,70594.2154155,0,83.7777098924,16.2222901076,24,1,1118.57,352.971077078,0,161.421825,0,24,113500000,0.0963422876092,0.0027397260274,10934849.6436,2270000,29958.4921744,6219.17808219,1614.21825,7833.39633219,469927.111748,0,Optimal,83.3333333333,178.860747922,463707.933666,1.29016797246e-11
E080_P40,80,40,500566.402424,391499.5,38688.7534902,70378.1489335,0,83.8273611723,16.1726388277,24,1,1118.57,351.890744668,0,171.421825,0,24,116000000,0.0963422876092,0.0027397260274,11175705.3627,2320000,30618.3708566,6356.16438356,1714.21825,8070.38263356,469948.031567,0,Optimal,79.1666666667,189.941080332,463591.867184,1.47526435512e-11
E080_P45,80,45,501247.200925,391499.5,39585.6184738,70162.0824515,0,83.8770124523,16.1229875477,24,1,1118.57,350.810412258,0,181.421825,0,24,118500000,0.0963422876092,0.0027397260274,11416561.0817,2370000,31278.2495389,6493.15068493,1814.21825,8307.36893493,469968.951386,0,Optimal,83.3333333333,201.021412742,463475.800702,1.65840674526e-11
E080_P50,80,50,501927.999427,391499.5,40482.4834574,69946.0159695,0,83.9266637323,16.0733362677,24,1,1118.57,349.730079848,0,191.421825,0,24,121000000,0.0963422876092,0.0027397260274,11657416.8007,2420000,31938.1282211,6630.1369863,1914.21825,8544.3552363,469989.871206,0,Optimal,83.3333333333,212.101745152,463359.73422,1.84297022088e-11
E090_P05,90,5,521580.432276,405121.5,35762.9322762,80696,0,81.4563570851,18.5436429149,24,1,1157.49,403.48,0,54.15,0,24,110500000,0.0963422876092,0.0027397260274,10645822.7808,2210000,29166.6377557,6054.79452055,541.5,6596.29452055,492413.794521,0,Optimal,100,60,486359,1.84741111298e-12
E090_P10,90,10,511139.48551,398251,36940.0205098,75948.465,0,82.5473231028,17.4526768972,24,1,1137.86,379.742325,0,92.172325,0,24,113000000,0.0963422876092,0.0027397260274,10886678.4998,2260000,29826.5164379,6191.78082192,921.72325,7113.50407192,481312.969072,0,Optimal,91.6666666667,102.13,475121.18825,3.69482222595e-12
E090_P15,90,15,503573.495493,393074.5,37933.6304935,72565.365,0,83.3247469943,16.6752530057,24,1,1123.07,362.826825,0,111.846825,0,24,115500000,0.0963422876092,0.0027397260274,11127534.2189,2310000,30486.3951202,6328.76712329,1118.46825,7447.23537329,473087.100373,0,Optimal,83.3333333333,123.93,466758.33325,5.52802248421e-12
E090_P20,90,20,500079.582776,390397,38802.2454771,70880.3372992,0,83.7119601397,16.2880398603,24,1,1115.42,354.401686496,0,119.021825,0,24,118000000,0.0963422876092,0.0027397260274,11368389.9379,2360000,31146.2738024,6465.75342466,1190.21825,7655.97167466,468933.308974,0,Optimal,83.3333333333,131.880138504,462467.555549,7.37188088351e-12
E090_P25,90,25,500310.601461,390169.5,39778.6164607,70362.485,0,83.8309606864,16.1690393136,24,1,1114.77,351.812425,0,136.972425,0,24,120500000,0.0963422876092,0.0027397260274,11609245.6569,2410000,31806.1524847,6602.73972603,1369.72425,7972.46397603,468504.448976,0,Optimal,79.1666666667,151.77,461901.70925,8.03623834145e-12
E090_P30,90,30,500948.036944,390169.5,40712.8419443,70065.695,0,83.8991619329,16.1008380671,24,1,1114.77,350.328475,0,150.708475,0,24,123000000,0.0963422876092,0.0027397260274,11850101.3759,2460000,32466.031167,6739.7260274,1507.08475,8246.8107774,468482.005777,0,Optimal,83.3333333333,166.99,461742.27975,1.10524922547e-11
E090_P35,90,35,501587.776928,390169.5,41645.081928,69773.195,0,83.9663773531,16.0336226469,24,1,1114.77,348.865975,0,164.245975,0,24,125500000,0.0963422876092,0.0027397260274,12090957.095,2510000,33125.9098492,6876.71232877,1642.45975,8519.17207877,468461.867079,0,Optimal,83.3333333333,181.99,461585.15475,1.2896350654e-11
E090_P40,90,40,502227.516912,390169.5,42577.3219116,69480.695,0,84.0335927734,15.9664072266,24,1,1114.77,347.403475,0,177.783475,0,24,128000000,0.0963422876092,0.0027397260274,12331812.814,2560000,33785.7885315,7013.69863014,1777.83475,8791.53338014,468441.72838,0,Optimal,79.1666666667,196.99,461428.02975,1.47508671944e-11
E090_P45,90,45,502893.94232,390169.5,43486.5703952,69237.8719252,0,84.0893926196,15.9106073804,24,1,1114.77,346.189359626,0,189.021825,0,24,130500000,0.0963422876092,0.0027397260274,12572668.533,2610000,34445.6672137,7150.68493151,1890.21825,9040.90318151,468448.275107,0,Optimal,83.3333333333,209.442465374,461297.590175,1.65840674526e-11
E090_P50,90,50,503574.740822,390169.5,44383.4353788,69021.8054432,0,84.1390438995,15.8609561005,24,1,1114.77,345.109027216,0,199.021825,0,24,133000000,0.0963422876092,0.0027397260274,12813524.252,2660000,35105.545896,7287.67123288,1990.21825,9277.88948288,468469.194926,0,Optimal,83.3333333333,220.522797784,461181.523693,1.84154913541e-11
E100_P05,100,5,525091.884198,404922,39587.8841976,80582,0,81.4825538643,18.5174461357,24,1,1156.92,402.91,0,54.15,0,24,122500000,0.0963422876092,0.0027397260274,11801930.2321,2450000,32334.0554305,6712.32876712,541.5,7253.82876712,492757.828767,0,Optimal,100,60,486045.5,1.84741111298e-12
E100_P10,100,10,512874.437431,396921,40764.9724312,75188.465,0,82.7219682973,17.2780317027,24,1,1134.06,375.942325,0,92.172325,0,24,125000000,0.0963422876092,0.0027397260274,12042785.9512,2500000,32993.9341128,6849.31506849,921.72325,7771.03831849,479880.503318,0,Optimal,91.6666666667,102.13,473031.18825,3.69482222595e-12
E100_P15,100,15,505308.447415,391744.5,41758.5824149,71805.365,0,83.4993921888,16.5006078112,24,1,1119.27,359.026825,0,111.846825,0,24,127500000,0.0963422876092,0.0027397260274,12283641.6702,2550000,33653.812795,6986.30136986,1118.46825,8104.76961986,471654.63462,0,Optimal,83.3333333333,123.93,464668.33325,5.53157519789e-12
E100_P20,100,20,501726.324171,389067,42703.1973985,69956.1267729,0,83.924340307,16.075659693,24,1,1111.62,349.780633864,0,126.621825,0,24,130000000,0.0963422876092,0.0027397260274,12524497.3892,2600000,34313.6914773,7123.28767123,1266.21825,8389.50592123,467412.632694,0,Optimal,83.3333333333,140.301191136,460289.345023,7.37188088351e-12
E100_P25,100,25,502045.553382,388839.5,43603.5683821,69602.485,0,84.0056058809,15.9943941191,24,1,1110.97,348.012425,0,136.972425,0,24,132500000,0.0963422876092,0.0027397260274,12765353.1082,2650000,34973.5701595,7260.2739726,1369.72425,8629.9982226,467071.983223,0,Optimal,83.3333333333,151.77,459811.70925,7.60280727263e-12
E100_P30,100,30,502682.988866,388839.5,44537.7938657,69305.695,0,84.0738071274,15.9261928726,24,1,1110.97,346.528475,0,150.708475,0,24,135000000,0.0963422876092,0.0027397260274,13006208.8272,2700000,35633.4488418,7397.26027397,1507.08475,8904.34502397,467049.540024,0,Optimal,83.3333333333,166.99,459652.27975,1.03099750959e-11
E100_P35,100,35,503322.728849,388839.5,45470.0338494,69013.195,0,84.1410225476,15.8589774524,24,1,1110.97,345.065975,0,164.245975,0,24,137500000,0.0963422876092,0.0027397260274,13247064.5463,2750000,36293.327524,7534.24657534,1642.45975,9176.70632534,467029.401325,0,Optimal,83.3333333333,181.99,459495.15475,1.28927979404e-11
E100_P40,100,40,503962.468833,388839.5,46402.273833,68720.695,0,84.2082379679,15.7917620321,24,1,1110.97,343.603475,0,177.783475,0,24,140000000,0.0963422876092,0.0027397260274,13487920.2653,2800000,36953.2062063,7671.23287671,1777.83475,9449.06762671,467009.262627,0,Optimal,83.3333333333,196.99,459338.02975,1.47508671944e-11
E100_P45,100,45,504602.208817,388839.5,47334.5138166,68428.195,0,84.2754533881,15.7245466119,24,1,1110.97,342.140975,0,191.320975,0,24,142500000,0.0963422876092,0.0027397260274,13728775.9843,2850000,37613.0848885,7808.21917808,1913.20975,9721.42892808,466989.123928,0,Optimal,83.3333333333,211.99,459180.90475,1.65876201663e-11
E100_P50,100,50,505241.9488,388839.5,48266.7538002,68135.695,0,84.3426688084,15.6573311916,24,1,1110.97,340.678475,0,204.858475,0,24,145000000,0.0963422876092,0.0027397260274,13969631.7033,2900000,38272.9635708,7945.20547945,2048.58475,9993.79022945,466968.985229,0,Optimal,83.3333333333,226.99,459023.77975,1.84137149972e-11
