seed,cluster,day,cost_difference_CNY,renewable_available_MWh_difference,renewable_used_MWh_difference,curtailment_MWh_difference,total_load_MWh_difference,thermal_generation_MWh_difference,unserved_MWh_difference
42,0,344,0,0,0,0,0,0,0
42,1,163,0,0,0,0,0,0,0
42,2,1,0,0,0,0,0,0,0
42,3,127,0,0,0,0,0,0,0
42,4,347,0,0,0,0,0,0,0
42,5,31,0,0,0,0,0,0,0
42,6,209,0,0,0,0,0,0,0
42,7,187,0,0,0,0,0,0,0
42,8,179,0,0,0,0,0,0,0
42,9,298,0,0,0,0,0,0,0
42,10,13,0,0,0,0,0,0,0
42,11,189,0,0,0,0,0,0,0
42,12,228,0,0,0,0,0,0,0
42,13,33,0,0,0,0,0,0,0
42,14,106,0,0,0,0,0,0,0
42,15,91,0,0,0,0,0,0,0
42,16,93,0,0,0,0,0,0,0
42,17,253,0,0,0,0,0,0,0
42,18,105,0,0,0,0,0,0,0
42,19,173,0,0,0,0,0,0,0
42,20,348,0,0,0,0,0,0,0
42,21,152,0,0,0,0,0,0,0
42,22,134,0,0,0,0,0,0,0
42,23,110,0,0,0,0,0,0,0
42,24,125,0,0,0,0,0,0,0
42,25,354,0,0,0,0,0,0,0
42,26,92,0,0,0,0,0,0,0
42,27,345,0,0,0,0,0,0,0
42,28,194,0,0,0,0,0,0,0
42,29,332,0,0,0,0,0,0,0
42,30,260,0,0,0,0,0,0,0
42,31,239,0,0,0,0,0,0,0
42,32,51,0,0,0,0,0,0,0
42,33,37,0,0,0,0,0,0,0
42,34,352,0,0,0,0,0,0,0
42,35,123,0,0,0,0,0,0,0
42,36,186,0,0,0,0,0,0,0
42,37,70,0,0,0,0,0,0,0
42,38,45,0,0,0,0,0,0,0
42,39,275,0,0,0,0,0,0,0
42,40,25,0,0,0,0,0,0,0
42,41,242,0,0,0,0,0,0,0
42,42,74,0,0,0,0,0,0,0
42,43,140,0,0,0,0,0,0,0
42,44,154,0,0,0,0,0,0,0
42,45,343,0,0,0,0,0,0,0
42,46,75,0,0,0,0,0,0,0
42,47,308,0,0,0,0,0,0,0
7,0,130,0,0,0,0,0,0,0
7,1,103,0,0,0,0,0,0,0
7,2,134,0,0,0,0,0,0,0
7,3,112,0,0,0,0,0,0,0
7,4,92,0,0,0,0,0,0,0
7,5,121,0,0,0,0,0,0,0
7,6,178,0,0,0,0,0,0,0
7,7,5,0,0,0,0,0,0,0
7,8,308,0,0,0,0,0,0,0
7,9,187,0,0,0,0,0,0,0
7,10,261,0,0,0,0,0,0,0
7,11,108,0,0,0,0,0,0,0
7,12,332,0,0,0,0,0,0,0
7,13,140,0,0,0,0,0,0,0
7,14,55,0,0,0,0,0,0,0
7,15,88,0,0,0,0,0,0,0
7,16,361,0,0,0,0,0,0,0
7,17,13,0,0,0,0,0,0,0
7,18,344,0,0,0,0,0,0,0
7,19,31,0,0,0,0,0,0,0
7,20,295,0,0,0,0,0,0,0
7,21,329,0,0,0,0,0,0,0
7,22,12,0,0,0,0,0,0,0
7,23,125,0,0,0,0,0,0,0
7,24,94,0,0,0,0,0,0,0
7,25,91,0,0,0,0,0,0,0
7,26,330,0,0,0,0,0,0,0
7,27,343,0,0,0,0,0,0,0
7,28,75,0,0,0,0,0,0,0
7,29,48,0,0,0,0,0,0,0
7,30,70,0,0,0,0,0,0,0
7,31,123,0,0,0,0,0,0,0
7,32,348,0,0,0,0,0,0,0
7,33,105,0,0,0,0,0,0,0
7,34,74,0,0,0,0,0,0,0
7,35,73,0,0,0,0,0,0,0
7,36,82,0,0,0,0,0,0,0
7,37,239,0,0,0,0,0,0,0
7,38,93,0,0,0,0,0,0,0
7,39,222,0,0,0,0,0,0,0
7,40,291,0,0,0,0,0,0,0
7,41,186,0,0,0,0,0,0,0
7,42,122,0,0,0,0,0,0,0
7,43,176,0,0,0,0,0,0,0
7,44,4,0,0,0,0,0,0,0
7,45,152,0,0,0,0,0,0,0
7,46,69,0,0,0,0,0,0,0
7,47,189,0,0,0,0,0,0,0
2026,0,26,0,0,0,0,0,0,0
2026,1,87,0,0,0,0,0,0,0
2026,2,97,0,0,0,0,0,0,0
2026,3,140,0,0,0,0,0,0,0
2026,4,344,0,0,0,0,0,0,0
2026,5,326,0,0,0,0,0,0,0
2026,6,332,0,0,0,0,0,0,0
2026,7,167,0,0,0,0,0,0,0
2026,8,152,0,0,0,0,0,0,0
2026,9,31,0,0,0,0,0,0,0
2026,10,24,0,0,0,0,0,0,0
2026,11,75,0,0,0,0,0,0,0
2026,12,13,0,0,0,0,0,0,0
2026,13,352,0,0,0,0,0,0,0
2026,14,106,0,0,0,0,0,0,0
2026,15,176,0,0,0,0,0,0,0
2026,16,205,0,0,0,0,0,0,0
2026,17,25,0,0,0,0,0,0,0
2026,18,211,0,0,0,0,0,0,0
2026,19,99,0,0,0,0,0,0,0
2026,20,42,0,0,0,0,0,0,0
2026,21,74,0,0,0,0,0,0,0
2026,22,73,0,0,0,0,0,0,0
2026,23,313,0,0,0,0,0,0,0
2026,24,256,0,0,0,0,0,0,0
2026,25,92,0,0,0,0,0,0,0
2026,26,96,0,0,0,0,0,0,0
2026,27,186,0,0,0,0,0,0,0
2026,28,292,0,0,0,0,0,0,0
2026,29,354,0,0,0,0,0,0,0
2026,30,125,0,0,0,0,0,0,0
2026,31,95,0,0,0,0,0,0,0
2026,32,122,0,0,0,0,0,0,0
2026,33,288,0,0,0,0,0,0,0
2026,34,239,0,0,0,0,0,0,0
2026,35,93,0,0,0,0,0,0,0
2026,36,105,0,0,0,0,0,0,0
2026,37,91,0,0,0,0,0,0,0
2026,38,263,0,0,0,0,0,0,0
2026,39,23,0,0,0,0,0,0,0
2026,40,271,0,0,0,0,0,0,0
2026,41,202,0,0,0,0,0,0,0
2026,42,21,0,0,0,0,0,0,0
2026,43,308,0,0,0,0,0,0,0
2026,44,224,0,0,0,0,0,0,0
2026,45,364,0,0,0,0,0,0,0
2026,46,123,0,0,0,0,0,0,0
2026,47,133,0,0,0,0,0,0,0
