metric,full,control,calibrated,replacement,adjustment,total,weight_effect,gross_cluster_error,cancellation_fraction,seed,day_set
thermal_cost_CNY,272593382.49276763,274311283.48217952,273273769.48359627,1717900.9894118905,-1037513.9985832572,680386.99082863331,reduced,26831552.770560864,0.97464228042831957,42,old
curtailment_cost_CNY,12445900.735327845,12020714.848459108,12723272.78433064,-425185.88686873764,702557.93587153219,277372.04900279455,reduced,3028876.1180429719,0.90842410247467886,42,old
load_shedding_cost_CNY,518849024.49996215,511910222.74996257,513652607.5737341,-6938801.7499995828,1742384.8237715364,-5196416.9262280464,reduced,126603548.56316878,0.95895520318978023,42,old
storage_variable_om_CNY,258413.46989306877,261183.70988998807,261951.88902215037,2770.239996919292,768.17913216230227,3538.4191290815943,increased,41478.324113395873,0.91469233136305061,42,old
storage_investment_allocated_CNY,3661006.9291512864,3661006.9291512864,3661006.9291512864,0,0,0,unchanged,322772.5730146814,0.99999999999999989,42,old
storage_fixed_om_CNY,760000,760000,760000,0,0,0,unchanged,67005.378639921415,0.99999999999999989,42,old
thermal_cost_CNY,272593382.49276763,274747398.3894099,273845845.50436556,2154015.8966422677,-901552.88504433632,1252463.0115979314,reduced,36654507.239103772,0.96583058657894605,42,new
curtailment_cost_CNY,12445900.735327845,12193487.209585179,12314721.496465083,-252413.5257426668,121234.28687990457,-131179.23886276223,reduced,3847188.3288855786,0.96590256892862847,42,new
load_shedding_cost_CNY,518849024.49996215,515753414.24995983,476807279.56413984,-3095610.2500023246,-38946134.685819983,-42041744.935822308,increased,93318381.810187191,0.54948056191826566,42,new
storage_variable_om_CNY,258413.46989306877,257607.95272604178,261118.56160827127,-805.51716702699196,3510.6088822294842,2705.0917152024922,increased,57687.715491173469,0.95310801108744969,42,new
storage_investment_allocated_CNY,3661006.9291512864,3661006.9291512864,3661006.9291512873,0,9.3132257461547852e-10,9.3132257461547852e-10,unchanged,431223.57315780321,0.99999999999999933,42,new
storage_fixed_om_CNY,760000,760000,760000,0,0,0,unchanged,89519.064547606977,0.99999999999999933,42,new
thermal_cost_CNY,272593382.49276763,274044148.20823383,272267050.53628886,1450765.7154662013,-1777097.6719449759,-326331.95647877455,reduced,17597075.205050532,0.98145532978201411,7,old
curtailment_cost_CNY,12445900.735327845,12030676.423733456,12669559.013410607,-415224.31159438938,638882.58967715129,223658.27808276191,reduced,2444779.8214930855,0.90851598327322247,7,old
load_shedding_cost_CNY,518849024.49996215,555330938.49996197,539825622.27814269,36481913.999999821,-15505316.221819282,20976597.77818054,reduced,87386210.395189747,0.75995528718641736,7,old
storage_variable_om_CNY,258413.46989306877,262718.42815173883,262636.50743461295,4304.9582586700562,-81.920717125874944,4223.0375415441813,reduced,41928.301795783133,0.89927954721102299,7,old
storage_investment_allocated_CNY,3661006.9291512864,3661006.9291512864,3661006.9291512854,0,-9.3132257461547852e-10,-9.3132257461547852e-10,unchanged,218122.45911423664,0.99999999999999312,7,old
storage_fixed_om_CNY,760000,760000,759999.99999999977,0,-2.3283064365386963e-10,-2.3283064365386963e-10,unchanged,45280.73072105609,0.99999999999999323,7,old
thermal_cost_CNY,272593382.49276763,271460497.18509591,272089900.38839811,-1132885.3076717257,629403.20330220461,-503482.10436952114,reduced,31171965.670011874,0.98384824012385241,7,new
curtailment_cost_CNY,12445900.735327845,12627693.503969885,12430788.77941893,181792.76864203997,-196904.724550955,-15111.955908915028,reduced,2904009.2710887454,0.99479617504690332,7,new
load_shedding_cost_CNY,518849024.49996215,517548952.2499609,532199295.24337482,-1300072.2500012517,14650342.993413925,13350270.743412673,increased,77676888.494941786,0.82813072199355586,7,new
storage_variable_om_CNY,258413.46989306877,257542.79037814558,255936.2062177406,-870.67951492319116,-1606.5841604049783,-2477.2636753281695,increased,46346.709753253141,0.94654930871000387,7,new
storage_investment_allocated_CNY,3661006.9291512864,3661006.9291512864,3661006.9291512859,0,-4.6566128730773926e-10,-4.6566128730773926e-10,unchanged,364203.4478660876,0.99999999999999767,7,new
storage_fixed_om_CNY,760000,760000,759999.99999999977,0,-2.3283064365386963e-10,-2.3283064365386963e-10,unchanged,75606.144903526452,0.99999999999999722,7,new
thermal_cost_CNY,272593382.49276763,274356017.29021835,273675658.96913683,1762634.7974507213,-680358.32108151913,1082276.4763692021,reduced,17309951.2962978,0.9374766307632143,2026,old
curtailment_cost_CNY,12445900.735327845,12283185.890563356,12929479.5741618,-162714.84476448968,646293.68359844387,483578.83883395419,increased,1888697.8732703384,0.74396178145919056,2026,old
load_shedding_cost_CNY,518849024.49996215,511617457.49996012,512582614.4655267,-7231567.0000020266,965156.96556657553,-6266410.034435451,reduced,123818857.07635567,0.94939050333366326,2026,old
storage_variable_om_CNY,258413.46989306877,261716.79994043807,262898.10886089184,3303.3300473692943,1181.3089204537682,4484.6389678230626,increased,38578.023074188794,0.88375145716516601,2026,old
storage_investment_allocated_CNY,3661006.9291512864,3661006.9291512864,3661006.9291512859,0,-4.6566128730773926e-10,-4.6566128730773926e-10,unchanged,173898.04174554272,0.99999999999999623,2026,old
storage_fixed_om_CNY,760000,760000,759999.99999999977,0,-2.3283064365386963e-10,-2.3283064365386963e-10,unchanged,36100.044136559758,0.99999999999999556,2026,old
thermal_cost_CNY,272593382.49276763,272957488.08427536,273111978.4576956,364105.59150773287,154490.37342023849,518595.96492797136,increased,13266291.962719604,0.96090874779589486,2026,new
curtailment_cost_CNY,12445900.735327845,12603184.826716317,12545945.559084779,157284.09138847142,-57239.267631538212,100044.82375693321,reduced,2309919.9949427848,0.9566890524451207,2026,new
load_shedding_cost_CNY,518849024.49996215,516227515.49996066,509235219.76078153,-2621509.0000014901,-6992295.7391791344,-9613804.7391806245,increased,34126095.777061813,0.71828583023427517,2026,new
storage_variable_om_CNY,258413.46989306877,259564.07251916395,260184.65609491122,1150.6026260951767,620.58357574726688,1771.1862018424436,increased,35798.458765461888,0.95052339505880501,2026,new
storage_investment_allocated_CNY,3661006.9291512864,3661006.9291512864,3661006.9291512859,0,-4.6566128730773926e-10,-4.6566128730773926e-10,unchanged,100228.83758916981,0.99999999999999245,2026,new
storage_fixed_om_CNY,760000,760000,759999.99999999977,0,-2.3283064365386963e-10,-2.3283064365386963e-10,unchanged,20806.821194798475,0.99999999999999156,2026,new
