seed,combination,renewable_available_MWh,renewable_used_MWh,curtailment_MWh,total_load_MWh,thermal_generation_MWh,unserved_MWh,total_cost_CNY,renewable_utilization_pct,curtailment_rate_pct,load_input_MWh,load_relative_error,wind_input_MWh,wind_relative_error,solar_input_MWh,solar_relative_error,max_input_relative_error,worst_error_pp,passes_ED,cost_error_CNY,unserved_error_MWh
42,old_count,291300.28000000003,231196.70575770445,60103.574242295545,1063312.6000000001,783746.52423479874,51191.022274996256,802924411.71964252,79.367141616789525,20.632858383210461,1063312.6000000001,0.0035621317988765145,91837.940000000002,0.071235996803863652,199462.34,0.015146694316891342,0.071235996803863652,0.013143231602839478,False,-5643316.4074594975,-693.88017499995476
42,new_count,300582.94999999995,239615.51395207411,60967.43604792589,1073400.3999999999,784992.56682688545,51575.341424995975,807372914.73083222,79.716934693758958,20.283065306241056,1073400.3999999999,0.0058912179750649461,96403.330000000016,0.025065863931200982,204179.62,0.0081450649286525217,0.025065863931200982,0.36293630857227299,False,-1194813.3962697983,-309.56102500023553
42,Y00,301411.58868151298,237795.22475985973,63616.363921653203,1067112.7328861631,780782.19852456078,51365.260757373413,804332608.65983438,78.893856006023185,21.106143993976797,1067112.7328861631,1.0000000346677128e-06,98881.791118109439,1.0000000056707367e-06,202529.7975634035,9.9953881649342116e-07,1.0000000346677128e-06,0.46014237916351775,True,-4235119.4672676325,-519.64169262279756
42,Y10,310665.98308372742,245310.29071539224,65355.692368335207,1077520.3456917934,782788.04174490937,52217.252436403622,813899223.18602848,78.962713677370587,21.037286322629416,1077520.3456917934,0.0097520486491631149,103380.72248804086,0.045497031742019307,207285.26059568662,0.023479289960433601,0.045497031742019307,0.391284707816137,False,5331495.0589264631,332.34998640741105
42,Y01,292872.54558236187,231722.07713182317,61150.468450538654,1057107.8761190788,780980.37814640941,47248.286480848561,762740245.08566618,79.120450389453822,20.879549610546157,1057107.8761190788,0.0093766230751783086,95497.517326005356,0.034226415716716613,197375.02825635648,0.025452879788888147,0.034226415716716613,0.23354799573287721,False,-45827483.041435838,-4636.6159691476496
42,Y11,301411.99364811683,239838.38616579137,61573.607482325417,1067114.8671137523,782416.70144104445,47680.72795641399,767649972.0557301,79.571613346544694,20.428386653455295,1067114.8671137523,9.9999995524754739e-07,98881.791118110879,9.9999999110143985e-07,202530.20253000595,1.0000000293623435e-06,1.0000000293623435e-06,0.2176149613580094,True,-40917756.071371913,-4204.1744935822207
7,old_count,290273.23999999999,230119.85788133269,60153.382118667279,1065798,782983.28059495392,55533.093849996199,846089488.48923242,79.276979814375139,20.723020185624854,1065798,0.0012330456226880831,88694,0.10303089878237562,201579.24000000002,0.0046944156421269943,0.10303089878237562,0.077018570811574705,False,37521760.362130404,3648.1913999999888
7,new_count,300707.46999999997,237569.00248015058,63138.467519849422,1062143,775601.4205288454,51754.895224996093,806315692.6585561,79.003359138418006,20.996640861581998,1062143,0.004658172352377081,96174.279999999999,0.027382263830110859,204533.19,0.0098908309880017895,0.027382263830110859,0.35063924676871849,False,-2252035.4685459137,-130.00722500011761
7,Y00,301411.588588126,238063.79352107298,63347.795067053048,1067114.8671137732,777905.85867511109,53982.562227814284,829445875.26442814,78.98295969183296,21.01704030816704,1067114.8671137732,9.9999997488440157e-07,98881.79111811718,9.999999273791616e-07,202529.79747000884,9.9999995636206763e-07,9.9999997488440157e-07,0.37103869335376061,True,20878147.137326121,2097.6597778180731
7,Y10,308866.72411799559,243906.25966858913,64960.464449406456,1062652.921640432,771179.71333450789,50345.848042982499,791041706.24553585,78.968124638577194,21.031875361422802,1062652.921640432,0.0041803211237340125,105885.87474275654,0.070831825147724625,202980.84937523905,0.0022260868771986843,0.070831825147724625,0.38587374660952278,False,-17526021.881566167,-1539.0544070137112
7,Y01,292220.72592705023,232006.44251545571,60214.283411594522,1069129.6261906547,783141.84583229269,56811.84555980358,858943968.65742481,79.3942461745077,20.6057538254923,1069129.6261906547,0.0018890451896083191,89842.050779279321,0.091420574796059001,202378.6751477709,0.00074717252865795687,0.091420574796059001,0.040247789321014693,False,50376240.53032279,4926.9431098073692
7,Y11,301411.9936481202,239258.04975102557,62153.94389709465,1067112.7328861724,777399.71539542312,53219.92952433748,821396927.54656088,79.379074088984154,20.620925911015846,1067112.7328861724,1.000000025940222e-06,98881.791118112538,9.9999997432467373e-07,202530.20253000766,1.0000000378407219e-06,1.0000000378407219e-06,0.025075703797469373,True,12829199.419458866,1335.0270743412693
2026,old_count,294128.06000000006,232712.13054718322,61415.929452816767,1064920.8,783874.33511490957,51161.745749996015,802939384.40983367,79.119323245522096,20.880676754477882,1064920.8,0.002055076037813399,95692.910000000003,0.032250394890307982,198435.14999999999,0.020218486150199999,0.032250394890307982,0.23467513966460274,False,-5628343.7172683477,-723.156700000196
2026,new_count,302894.58999999997,239878.66586641839,63015.924133581582,1068575.7999999998,779878.53738364391,51622.751549996065,806468759.41262269,79.195427645775524,20.804572354224483,1068575.7999999998,0.0013700506918753812,98571.239999999991,0.0031416268439044674,204323.35000000001,0.0088547375697427821,0.0088547375697427821,0.15857073941120348,True,-2098968.7144793272,-262.15090000014607
2026,Y00,301411.58858811395,236764.19071730497,64647.397870808993,1067112.7328861733,781930.45419753389,51258.261446552664,803871658.04683757,78.551787549498911,21.448212450501092,1067112.7328861733,1.0000000250674729e-06,98881.79111811117,9.9999998815814753e-07,202529.79747000278,9.9999998625194435e-07,1.0000000250674729e-06,0.80221083568781282,True,-4696070.0802644491,-626.64100344354665
2026,Y10,310049.89516918716,242922.61685925745,67127.278309929708,1069500.4213193287,777341.902254974,52064.392290417316,810821867.9309113,78.349523945718516,21.650476054281484,1069500.4213193287,0.0022365199656575216,100516.72329608587,0.01653319223657505,209533.17187310132,0.034578442073279633,0.034578442073279633,1.0044744394682041,False,2254139.8038092852,179.48984042110533
2026,Y01,293036.70603437698,231824.80676054716,61211.899273829789,1063597.3554980569,784017.79848006275,50591.47400425333,797246935.0823189,79.111183679955474,20.888816320044509,1063597.3554980569,0.0032952853781322926,95850.482126451738,0.03065685610932661,197186.22390792519,0.026385108833628653,0.03065685610932661,0.24281470523122906,False,-11320793.044783115,-1293.4284457428803
2026,Y11,301411.99364810437,238682.26585268043,62729.727795423896,1067114.8671137593,780319.93845055881,50923.521976078162,799574335.36280799,79.188045228001016,20.81195477199897,1067114.8671137593,9.9999996179316538e-07,98881.791118110617,9.9999999375040283e-07,202530.20252999372,9.999999690077846e-07,9.9999999375040283e-07,0.16595315718569026,True,-8993392.7642940283,-961.38047391804866
