metric,Y00,Y10,Y01,Y11,delta,day_first,weight_after_day,weight_first,day_after_weight,interaction,day_average,weight_average,seed
renewable_available_MWh,301411.58868151292,310665.98308372748,292872.54558236187,301411.99364811683,0.4049666038806663,9254.3944022145224,-9253.9894356106452,-8539.0430991510839,8539.4480657549593,-714.94633645956333,8896.92123398474,-8896.5162673808645,42
renewable_used_MWh,237795.22475985973,245310.29071539224,231722.0771318232,239838.38616579139,2043.1614059316578,7515.0659555325174,-5471.9045496008603,-6073.1476280365359,8116.3090339681939,601.24307843567681,7815.6874947503557,-5772.5260888186976,42
curtailment_MWh,63616.363921653203,65355.692368335207,61150.468450538661,61573.607482325424,-2042.7564393277837,1739.328446682,-3782.084886009784,-2465.8954711145479,423.13903178676372,-1316.1894148952363,1081.233739234382,-3123.990178562166,42
total_load_MWh,1067112.7328861631,1077520.3456917934,1057107.8761190788,1067114.8671137523,2.1342275893093756,10407.612805630202,-10405.478578040886,-10004.856767084277,10006.990994673593,-400.62181095660844,10207.301900151899,-10205.16767256258,42
thermal_generation_MWh,780782.19852456078,782788.04174490937,780980.37814640941,782416.70144104457,1634.5029164837924,2005.843220348615,-371.34030386483721,198.17962184867139,1436.3232946351177,-569.51992571349729,1721.0832574918666,-86.580341008082911,42
unserved_MWh,51365.260757373406,52217.252436403629,47248.286480848568,47680.727956413983,-3684.5328009594227,851.99167903021987,-4536.5244799896427,-4116.9742765248448,432.44147556542163,-419.55020346479813,642.21657729782089,-4326.7493782572428,42
discharge_MWh,26195.188902215035,25873.880845559921,26314.730667808773,26111.856160827123,-83.332741387910474,-321.30805665511446,237.97531526720411,119.5417655937396,-202.87450698165011,118.43354967346436,-262.0912818183823,178.75854043047164,42
total_cost_CNY,804332608.65983438,813899223.18602848,762740245.08566606,767649972.0557301,-36682636.604104333,9566614.5261940751,-46249251.130298406,-41592363.574168384,4909726.9700640664,-4656887.5561300106,7238170.7481290707,-43920807.352233395,42
thermal_cost_CNY,273273769.48359627,273975814.61071825,273343132.35124332,273845845.50436556,572076.02076932788,702045.1271220179,-129969.10635268924,69362.867647037623,502713.1531222919,-199331.97399972586,602379.14012215508,-30303.119352826532,42
curtailment_cost_CNY,12723272.784330642,13071138.47366704,12230093.690107731,12314721.496465085,-408551.28786555701,347865.68933640019,-756416.97720195691,-493179.09422290971,84627.806357352878,-263237.88297904725,216246.74784687656,-624798.03571243328,42
load_shedding_cost_CNY,513652607.57373405,522172524.36403626,472482864.80848563,476807279.56413984,-36845328.009594209,8519916.7903022021,-45365244.799896426,-41169742.765248448,4324414.7556542251,-4195502.034647976,6422165.7729782155,-43267493.782572426,42
storage_variable_om_CNY,261951.88902215034,258738.80845559918,263147.30667808774,261118.56160827124,-833.32741387910391,-3213.0805665511484,2379.7531526720418,1195.4176559373977,-2028.7450698165035,1184.3354967346449,-2620.9128181838259,1787.5854043047207,42
storage_investment_allocated_CNY,3661006.9291512868,3661006.9291512868,3661006.9291512868,3661006.9291512868,2.3283064365386963e-10,0,1.9027181469109315e-10,1.9027181469109315e-10,0,0,0,1.9027181469109315e-10,42
storage_fixed_om_CNY,760000,760000,760000,760000,6.0026650317013264e-11,0,3.7546635531926698e-11,3.7546635531926698e-11,0,0,0,3.7546635531926698e-11,42
renewable_available_MWh,301411.588588126,308866.72411799559,292220.72592705023,301411.9936481202,0.40505999418826377,7455.1355298695689,-7454.730469875376,-9190.8626610757783,9191.2677210699694,1736.1321912004005,8323.2016254697683,-8322.7965654755772,7
renewable_used_MWh,238063.79352107295,243906.25966858913,232006.44251545571,239258.04975102554,1194.256229952591,5842.4661475161656,-4648.2099175635785,-6057.351005617259,7251.6072355698461,1409.1410880536807,6547.0366915430059,-5352.7804615904188,7
curtailment_MWh,63347.795067053041,64960.464449406456,60214.283411594522,62153.94389709465,-1193.8511699583885,1612.6693823534122,-2806.5205523118007,-3133.511655458517,1939.6604855001283,326.99110314671623,1776.1649339267701,-2970.0161038851588,7
total_load_MWh,1067114.867113773,1062652.921640432,1069129.6261906547,1067112.7328861724,-2.134227600747181,-4461.9454733412149,4459.8112457404704,2014.7590768815928,-2016.8933044823398,2445.052168858876,-3239.4193889117773,3237.285161311032,7
thermal_generation_MWh,777905.85867511109,771179.71333450789,783141.84583229269,777399.71539542312,-506.14327968793418,-6726.1453406031669,6220.0020609152261,5235.9871571816593,-5742.1304368696019,984.01490373356501,-6234.1378887363853,5727.9946090484409,7
unserved_MWh,53982.562227814276,50345.848042982492,56811.84555980358,53219.929524337487,-762.63270347679327,-3636.7141848317824,2874.0814813549896,2829.2833319893034,-3591.9160354660967,44.79814936568593,-3614.3151101489393,2851.6824066721465,7
discharge_MWh,26263.65074346129,25722.632960062067,26200.340661631071,25593.620621774058,-670.03012168723353,-541.01778339922635,-129.01233828800716,-63.310081830220717,-606.72003985701281,-65.702256457786476,-573.86891162811958,-96.161210059113913,7
total_cost_CNY,829445875.26442814,791041706.24553597,858943968.65742481,821396927.54656088,-8048947.7178672273,-38404169.018892236,30355221.301024985,29498093.392996605,-37547041.11086385,857127.90802837827,-37975605.064878047,29926657.347010795,7
thermal_cost_CNY,272267050.53628886,269912899.66707778,274099646.04130244,272089900.38839811,-177150.14789078891,-2354150.8692111145,2177000.7213203288,1832595.5050135814,-2009745.6529043675,344405.21630674711,-2181948.261057741,2004798.1131669546,7
curtailment_cost_CNY,12669559.013410607,12992092.88988129,12042856.682318905,12430788.77941893,-238770.23399167741,322533.87647068279,-561304.11046236008,-626702.33109170338,387932.09710002609,65398.220629343246,355232.98678535438,-594003.22077703173,7
load_shedding_cost_CNY,539825622.27814281,503458480.42982495,568118455.59803581,532199295.24337482,-7626327.0347679257,-36367141.848317817,28740814.813549891,28292833.319893032,-35919160.354660958,447981.4936568627,-36143151.101489387,28516824.066721462,7
storage_variable_om_CNY,262636.5074346129,257226.32960062067,262003.40661631071,255936.20621774058,-6700.3012168723426,-5410.1778339922621,-1290.1233828800714,-633.10081830220724,-6067.2003985701267,-657.02256457786359,-5738.6891162811944,-961.61210059113989,7
storage_investment_allocated_CNY,3661006.929151285,3661006.929151285,3661006.9291512859,3661006.9291512859,6.2937033362686634e-10,0,5.3721326379895765e-10,5.3721326379895765e-10,0,0,0,5.3721326379895765e-10,7
storage_fixed_om_CNY,759999.99999999965,759999.99999999965,759999.99999999977,759999.99999999977,9.3677954282611609e-11,0,1.1026406348102024e-10,1.1026406348102024e-10,0,0,0,1.1026406348102024e-10,7
renewable_available_MWh,301411.58858811395,310049.89516918716,293036.70603437693,301411.99364810431,0.40505999035758578,8638.3065810732078,-8637.9015210828475,-8374.8825537370158,8375.2876137273743,-263.01896734583272,8506.797097400291,-8506.3920374099307,2026
renewable_used_MWh,236764.19071730497,242922.61685925745,231824.80676054716,238682.26585268043,1918.0751353754597,6158.4261419524955,-4240.3510065770361,-4939.3839567578143,6857.4590921332738,699.03295018077699,6507.9426170428842,-4589.8674816674265,2026
curtailment_MWh,64647.397870808993,67127.278309929708,61211.899273829789,62729.727795423903,-1917.6700753850935,2479.8804391207177,-4397.5505145058123,-3435.4985969792019,1517.8285215941073,-962.0519175266104,1998.8544803574125,-3916.5245557425069,2026
total_load_MWh,1067112.7328861731,1069500.4213193287,1063597.3554980566,1067114.8671137593,2.1342275860934024,2387.6884331555875,-2385.5542055695132,-3515.3773881164807,3517.5116157025527,1129.8231825469654,2952.6000244290708,-2950.4657968429988,2026
thermal_generation_MWh,781930.45419753378,777341.90225497389,784017.79848006275,780319.93845055881,-1610.5157469749829,-4588.5519425599095,2978.0361955849407,2087.3442825289126,-3697.8600295038832,890.69191305602601,-4143.2059860318968,2532.6902390569271,2026
unserved_MWh,51258.261446552671,52064.392290417316,50591.47400425333,50923.521976078155,-334.7394704745135,806.1308438646455,-1140.8703143391594,-666.78744229933852,332.04797182482463,-474.08287203982093,569.08940784473498,-903.82887831924904,2026
discharge_MWh,26289.810886089184,26181.664636004207,26257.878784636709,26018.465609491119,-271.34527659806332,-108.14625008497426,-163.19902651308882,-31.932101452472256,-239.41317514559091,-131.2669250606167,-173.77971261528265,-97.56556398278056,2026
total_cost_CNY,803871658.04683745,810821867.9309113,797246935.0823189,799574335.36280811,-4297322.6840293873,6950209.8840737613,-11247532.568103155,-6624722.9645186318,2327400.2804892384,-4622809.6035845233,4638805.0822814982,-8936127.766310893,2026
thermal_cost_CNY,273675658.96913683,272069665.7892409,274406229.46802193,273111978.4576956,-563680.51144124009,-1605993.17989597,1042312.668454728,730570.49888512027,-1294251.010326362,311742.169569608,-1450122.0951111661,886441.58366992441,2026
curtailment_cost_CNY,12929479.574161798,13425455.661985943,12242379.854765959,12545945.559084781,-383534.01507701888,495976.08782414364,-879510.10290116246,-687099.71939584042,303565.70431882155,-192410.38350532216,399770.89607148257,-783304.91114850144,2026
load_shedding_cost_CNY,512582614.4655267,520643922.90417314,505914740.04253334,509235219.76078153,-3347394.7047451311,8061308.4386464544,-11408703.143391594,-6667874.4229933862,3320479.7182482458,-4740828.72039821,5690894.0784473494,-9038288.7831924893,2026
storage_variable_om_CNY,262898.10886089184,261816.64636004207,262578.78784636711,260184.65609491119,-2713.4527659806317,-1081.4625008497467,-1631.9902651308869,-319.32101452472227,-2394.1317514559128,-1312.6692506061659,-1737.7971261528292,-975.6556398278052,2026
storage_investment_allocated_CNY,3661006.9291512859,3661006.9291512859,3661006.9291512859,3661006.9291512859,-1.0550138540565968e-10,0,-8.8314989380117287e-11,-8.8314989380117287e-11,0,0,0,-8.8314989380117287e-11,2026
storage_fixed_om_CNY,759999.99999999988,759999.99999999988,759999.99999999977,759999.99999999977,-1.4551915228366852e-11,0,-2.0764845975466395e-11,-2.0764845975466395e-11,0,0,0,-2.0764845975466395e-11,2026
