group,channel,target_MWh,weighted_MWh,relative_error
N12_seed42,load,1067113.8,1067333.1000000001,0.00020550760378146293
N12_seed42,wind,98881.889999999999,98861.569019728719,0.00020550760378146293
N12_seed42,solar,202530,202488.37854500613,0.00020550760378157396
N12_seed7,load,1067113.8,1067698.6000000001,0.00054802027675027176
N12_seed7,wind,98881.889999999999,98827.700719276632,0.00054802027675004972
N12_seed7,solar,202530,202419.00945334978,0.00054802027675027176
N12_seed2026,load,1067113.8,1067113.8,0
N12_seed2026,wind,98881.889999999999,98881.889999999985,1.1102230246251565e-16
N12_seed2026,solar,202530,202530,0
N24_seed42,load,1067113.8,1067113.8,0
N24_seed42,wind,98881.889999999999,98881.889999999999,0
N24_seed42,solar,202530,202530,0
N24_seed7,load,1067113.8,1067113.7999999998,2.2204460492503131e-16
N24_seed7,wind,98881.889999999999,98881.889999999985,1.1102230246251565e-16
N24_seed7,solar,202530,202530.00000000003,2.2204460492503131e-16
N24_seed2026,load,1067113.8,1067113.8,0
N24_seed2026,wind,98881.889999999999,98881.889999999999,0
N24_seed2026,solar,202530,202529.99999999994,3.3306690738754696e-16
N48_seed42,load,1067113.8,1067113.8000000003,2.2204460492503131e-16
N48_seed42,wind,98881.889999999999,98881.889999999985,1.1102230246251565e-16
N48_seed42,solar,202530,202530.00000000006,2.2204460492503131e-16
N48_seed7,load,1067113.8,1067113.8000000003,2.2204460492503131e-16
N48_seed7,wind,98881.889999999999,98881.890000000014,2.2204460492503131e-16
N48_seed7,solar,202530,202530,0
N48_seed2026,load,1067113.8,1067113.8,0
N48_seed2026,wind,98881.889999999999,98881.890000000014,2.2204460492503131e-16
N48_seed2026,solar,202530,202530,0
